PERSON_ID,FIRST_NAME,LAST_NAME,DISPLAY_FIRST_LAST,DISPLAY_LAST_COMMA_FIRST,DISPLAY_FI_LAST,PLAYER_SLUG,BIRTHDATE,SCHOOL,COUNTRY,LAST_AFFILIATION,HEIGHT,WEIGHT,SEASON_EXP,JERSEY,POSITION,ROSTERSTATUS,GAMES_PLAYED_CURRENT_SEASON_FLAG,TEAM_ID,TEAM_NAME,TEAM_ABBREVIATION,TEAM_CODE,TEAM_CITY,PLAYERCODE,FROM_YEAR,TO_YEAR,DLEAGUE_FLAG,NBA_FLAG,GAMES_PLAYED_FLAG,DRAFT_YEAR,DRAFT_ROUND,DRAFT_NUMBER,GREATEST_75_FLAG
977,Kobe,Bryant,Kobe Bryant,"Bryant, Kobe",K. Bryant,kobe-bryant,1978-08-23T00:00:00,Lower Merion HS (PA),USA,Lower Merion HS (PA)/USA,6-6,212,20,24,Forward-Guard,Inactive,N,1610612747,Lakers,LAL,lakers,Los Angeles,kobe_bryant,1996,2015,N,Y,Y,1996,1,13,Y
1495,Tim,Duncan,Tim Duncan,"Duncan, Tim",T. Duncan,tim-duncan,1976-04-25T00:00:00,Wake Forest,US Virgin Islands,Wake Forest/US Virgin Islands,6-11,250,20,21,Center-Forward,Inactive,N,1610612759,Spurs,SAS,spurs,San Antonio,tim_duncan,1997,2015,N,Y,Y,1997,1,1,Y
708,Kevin,Garnett,Kevin Garnett,"Garnett, Kevin",K. Garnett,kevin-garnett,1976-05-19T00:00:00,Farragut Academy HS (IL),USA,Farragut Academy HS (IL)/USA,6-11,240,22,21,Forward,Inactive,N,1610612750,Timberwolves,MIN,timberwolves,Minnesota,kevin_garnett,1995,2015,N,Y,Y,1995,1,5,Y
2072,Michael,Redd,Michael Redd,"Redd, Michael",M. Redd,michael-redd,1979-08-24T00:00:00,Ohio State,USA,Ohio State/USA,6-6,215,13,22,Guard,Inactive,N,1610612749,Bucks,MIL,bucks,Milwaukee,michael_redd,2000,2011,N,Y,Y,2000,2,43,N
2200,Pau,Gasol,Pau Gasol,"Gasol, Pau",P. Gasol,pau-gasol,1980-07-06T00:00:00,FC Barcelona,Spain,FC Barcelona/Germany,7-0,250,19,16,Center-Forward,Inactive,N,1610612747,Lakers,LAL,lakers,Los Angeles,pau_gasol,2001,2018,N,Y,Y,2001,1,3,N
1905,Andrei,Kirilenko,Andrei Kirilenko,"Kirilenko, Andrei",A. Kirilenko,andrei-kirilenko,1981-02-18T00:00:00,CSKA Moscow,Russia,CSKA Moscow/Russia,6-9,235,13,,Forward,Inactive,N,0,,,,,andrei_kirilenko,2001,2014,N,Y,Y,1999,1,24,N
2397,Yao,Ming,Yao Ming,Yao Ming,Yao,yao-ming,1980-09-12T00:00:00,Shanghai,China,Shanghai/China,7-6,310,9,11,Center,Inactive,N,1610612745,Rockets,HOU,rockets,Houston,ming_yao,2002,2010,N,Y,Y,2002,1,1,N
2216,Zach,Randolph,Zach Randolph,"Randolph, Zach",Z. Randolph,zach-randolph,1981-07-16T00:00:00,Michigan State,USA,Michigan State/USA,6-9,250,18,50,Forward,Inactive,N,1610612763,Grizzlies,MEM,grizzlies,Memphis,zach_randolph,2001,2017,N,Y,Y,2001,1,19,N
1717,Dirk,Nowitzki,Dirk Nowitzki,"Nowitzki, Dirk",D. Nowitzki,dirk-nowitzki,1978-06-19T00:00:00,DJK Wurzburg,Germany,DJK Wurzburg/Germany,7-0,245,22,41,Forward,Inactive,N,1610612742,Mavericks,DAL,mavericks,Dallas,dirk_nowitzki,1998,2018,N,Y,Y,1998,1,9,Y
2730,Dwight,Howard,Dwight Howard,"Howard, Dwight",D. Howard,dwight-howard,1985-12-08T00:00:00,SW Atlanta Christian Academy (GA),USA,SW Atlanta Christian Academy (GA)/USA,6-10,265,19,39,Center-Forward,Inactive,N,1610612747,Lakers,LAL,lakers,Los Angeles,dwight_howard,2004,2021,N,Y,Y,2004,1,1,N
2030,Kenyon,Martin,Kenyon Martin,"Martin, Kenyon",K. Martin,kenyon-martin,1977-12-30T00:00:00,Cincinnati,USA,Cincinnati/USA,6-9,225,15,,Forward,Inactive,N,0,,,,,kenyon_martin,2000,2014,N,Y,Y,2000,1,1,N
2405,Amar'e,Stoudemire,Amar'e Stoudemire,"Stoudemire, Amar'e",A. Stoudemire,amare-stoudemire,1982-11-16T00:00:00,Cypress Creek HS (FL),USA,Cypress Creek HS (FL)/USA,6-10,245,15,5,Forward-Center,Inactive,N,1610612756,Suns,PHX,suns,Phoenix,amar'e_stoudemire,2002,2015,N,Y,Y,2002,1,9,N
2207,Joe,Johnson,Joe Johnson,"Johnson, Joe",J. Johnson,joe-johnson,1981-06-29T00:00:00,Arkansas,USA,Arkansas/USA,6-7,240,18,,Guard-Forward,Inactive,N,0,,,,,joe_johnson,2001,2021,N,Y,Y,2001,1,10,N
1882,Elton,Brand,Elton Brand,"Brand, Elton",E. Brand,elton-brand,1979-03-11T00:00:00,Duke,USA,Duke/USA,6-9,254,18,42,Forward,Inactive,N,1610612746,Clippers,LAC,clippers,Los Angeles,elton_brand,1999,2015,N,Y,Y,1999,1,1,N
101108,Chris,Paul,Chris Paul,"Paul, Chris",C. Paul,chris-paul,1985-05-06T00:00:00,Wake Forest,USA,Wake Forest/USA,6-0,175,18,3,Guard,Active,Y,1610612744,Warriors,GSW,warriors,Golden State,chris_paul,2005,2023,N,Y,Y,2005,1,4,Y
2547,Chris,Bosh,Chris Bosh,"Bosh, Chris",C. Bosh,chris-bosh,1984-03-24T00:00:00,Georgia Tech,USA,Georgia Tech/USA,6-11,235,14,1,Forward,Inactive,N,1610612748,Heat,MIA,heat,Miami,chris_bosh,2003,2016,N,Y,Y,2003,1,4,N
2544,LeBron,James,LeBron James,"James, LeBron",L. James,lebron-james,1984-12-30T00:00:00,St. Vincent-St. Mary HS (OH),USA,St. Vincent-St. Mary HS (OH)/USA,6-9,250,20,23,Forward,Active,Y,1610612747,Lakers,LAL,lakers,Los Angeles,lebron_james,2003,2023,N,Y,Y,2003,1,1,Y
2430,Carlos,Boozer,Carlos Boozer,"Boozer, Carlos",C. Boozer,carlos-boozer,1981-11-20T00:00:00,Duke,USA,Duke/USA,6-9,258,13,5,Forward,Inactive,N,1610612762,Jazz,UTA,jazz,Utah,carlos_boozer,2002,2014,N,Y,Y,2002,2,34,N
2548,Dwyane,Wade,Dwyane Wade,"Wade, Dwyane",D. Wade,dwyane-wade,1982-01-17T00:00:00,Marquette,USA,Marquette/USA,6-4,220,17,3,Guard,Inactive,N,1610612748,Heat,MIA,heat,Miami,dwyane_wade,2003,2018,N,Y,Y,2003,1,5,Y
1718,Paul,Pierce,Paul Pierce,"Pierce, Paul",P. Pierce,paul-pierce,1977-10-13T00:00:00,Kansas,USA,Kansas/USA,6-7,235,20,34,Forward,Inactive,N,1610612738,Celtics,BOS,celtics,Boston,paul_pierce,1998,2016,N,Y,Y,1998,1,10,Y
101115,Andrew,Bynum,Andrew Bynum,"Bynum, Andrew",A. Bynum,andrew-bynum,1987-10-27T00:00:00,St. Joseph HS (NJ),USA,St. Joseph HS (NJ)/USA,7-0,285,8,17,Center,Inactive,N,1610612747,Lakers,LAL,lakers,Los Angeles,andrew_bynum,2005,2013,N,Y,Y,2005,1,10,N
200750,Brandon,Roy,Brandon Roy,"Roy, Brandon",B. Roy,brandon-roy,1984-07-23T00:00:00,Washington,USA,Washington/USA,6-6,211,6,3,Guard,Inactive,N,1610612757,Trail Blazers,POR,blazers,Portland,brandon_roy,2006,2012,N,Y,Y,2006,1,6,N
200752,Rudy,Gay,Rudy Gay,"Gay, Rudy",R. Gay,rudy-gay,1986-08-17T00:00:00,Connecticut,USA,Connecticut/USA,6-8,250,18,22,Forward-Guard,Inactive,Y,1610612762,Jazz,UTA,jazz,Utah,rudy_gay,2006,2022,N,Y,Y,2006,1,8,N
2225,Tony,Parker,Tony Parker,"Parker, Tony",T. Parker,tony-parker,1982-05-17T00:00:00,Paris Basket Racing,France,Paris Basket Racing/France,6-2,185,19,9,Guard,Inactive,N,1610612759,Spurs,SAS,spurs,San Antonio,tony_parker,2001,2018,N,Y,Y,2001,1,28,N
2223,Samuel,Dalembert,Samuel Dalembert,"Dalembert, Samuel",S. Dalembert,samuel-dalembert,1980-05-10T00:00:00,Seton Hall,Haiti,Seton Hall/Haiti,6-11,255,14,,Center,Inactive,N,0,,,,,samuel_dalembert,2001,2014,N,Y,Y,2001,1,26,N
1712,Antawn,Jamison,Antawn Jamison,"Jamison, Antawn",A. Jamison,antawn-jamison,1976-06-12T00:00:00,North Carolina,USA,North Carolina/USA,6-9,235,16,,Forward,Inactive,N,0,,,,,antawn_jamison,1998,2013,N,Y,Y,1998,1,4,N
2555,Nick,Collison,Nick Collison,"Collison, Nick",N. Collison,nick-collison,1980-10-26T00:00:00,Kansas,USA,Kansas/USA,6-10,255,15,4,Forward-Center,Inactive,N,1610612760,Thunder,OKC,thunder,Oklahoma City,nick_collison,2003,2017,N,Y,Y,2003,1,12,N
2744,Al,Jefferson,Al Jefferson,"Jefferson, Al",A. Jefferson,al-jefferson,1985-01-04T00:00:00,No College,USA,Prentiss HS (MS)/USA,6-10,280,14,25,Center,Inactive,N,1610612762,Jazz,UTA,jazz,Utah,al_jefferson,2004,2017,N,Y,Y,2004,1,15,N
2199,Tyson,Chandler,Tyson Chandler,"Chandler, Tyson",T. Chandler,tyson-chandler,1982-10-02T00:00:00,Dominguez HS (CA),USA,Dominguez HS (CA)/USA,7-0,235,20,6,Center,Inactive,N,1610612752,Knicks,NYK,knicks,New York,tyson_chandler,2001,2019,N,Y,Y,2001,1,2,N
1888,Richard,Hamilton,Richard Hamilton,"Hamilton, Richard",R. Hamilton,richard-hamilton,1978-02-14T00:00:00,Connecticut,USA,Connecticut/USA,6-7,193,15,32,Guard,Inactive,N,1610612765,Pistons,DET,pistons,Detroit,richard_hamilton,1999,2012,N,Y,Y,1999,1,7,N
2738,Andre,Iguodala,Andre Iguodala,"Iguodala, Andre",A. Iguodala,andre-iguodala,1984-01-28T00:00:00,Arizona,USA,Arizona/USA,6-6,215,20,9,Guard-Forward,Inactive,N,1610612744,Warriors,GSW,warriors,Golden State,andre_iguodala,2004,2022,N,Y,Y,2004,1,9,N
1938,Manu,Ginobili,Manu Ginobili,"Ginobili, Manu",M. Ginobili,manu-ginobili,1977-07-28T00:00:00,Virtus Bologna,Argentina,Virtus Bologna/Argentina,6-6,205,16,20,Guard,Inactive,N,1610612759,Spurs,SAS,spurs,San Antonio,manu_ginobili,2002,2017,N,Y,Y,1999,2,57,N
2549,Chris,Kaman,Chris Kaman,"Kaman, Chris",C. Kaman,chris-kaman,1982-04-28T00:00:00,Central Michigan,USA,Central Michigan/USA,7-0,265,14,35,Center,Inactive,N,1610612746,Clippers,LAC,clippers,Los Angeles,chris_kaman,2003,2015,N,Y,Y,2003,1,6,N
948,Marcus,Camby,Marcus Camby,"Camby, Marcus",M. Camby,marcus-camby,1974-03-22T00:00:00,Massachusetts,USA,Massachusetts/USA,6-11,240,18,23,Center-Forward,Inactive,N,1610612743,Nuggets,DEN,nuggets,Denver,marcus_camby,1996,2012,N,Y,Y,1996,1,2,N
2746,Josh,Smith,Josh Smith,"Smith, Josh",J. Smith,josh-smith,1985-12-05T00:00:00,Oak Hill Academy (VA),USA,Oak Hill Academy (VA)/USA,6-9,225,13,,Forward,Inactive,N,0,,,,,josh_smith,2004,2017,N,Y,Y,2004,1,17,N
2731,Emeka,Okafor,Emeka Okafor,"Okafor, Emeka",E. Okafor,emeka-okafor,1982-09-28T00:00:00,Connecticut,USA,Connecticut/USA,6-10,255,11,50,Center,Inactive,N,1610612766,Bobcats,CHA,hornets,Charlotte,emeka_okafor,2004,2017,Y,Y,Y,2004,1,2,N
2736,Luol,Deng,Luol Deng,"Deng, Luol",L. Deng,luol-deng,1985-04-16T00:00:00,Duke,United Kingdom,Duke/United Kingdom,6-9,237,16,9,Forward,Inactive,N,1610612741,Bulls,CHI,bulls,Chicago,luol_deng,2004,2018,N,Y,Y,2004,1,7,N
200746,LaMarcus,Aldridge,LaMarcus Aldridge,"Aldridge, LaMarcus",L. Aldridge,lamarcus-aldridge,1985-07-19T00:00:00,Texas,USA,Texas/USA,6-11,250,17,21,Center-Forward,Inactive,N,1610612751,Nets,BKN,nets,Brooklyn,lamarcus_aldridge,2006,2021,N,Y,Y,2006,1,2,N
2419,Tayshaun,Prince,Tayshaun Prince,"Prince, Tayshaun",T. Prince,tayshaun-prince,1980-02-28T00:00:00,Kentucky,USA,Kentucky/USA,6-9,212,15,12,Forward,Inactive,N,1610612765,Pistons,DET,pistons,Detroit,tayshaun_prince,2002,2015,N,Y,Y,2002,1,23,N
101145,Monta,Ellis,Monta Ellis,"Ellis, Monta",M. Ellis,monta-ellis,1985-10-26T00:00:00,Lanier HS (MS),USA,Lanier HS (MS)/USA,6-3,185,13,11,Guard,Inactive,N,1610612744,Warriors,GSW,warriors,Golden State,monta_ellis,2005,2016,N,Y,Y,2005,2,40,N
101106,Andrew,Bogut,Andrew Bogut,"Bogut, Andrew",A. Bogut,andrew-bogut,1984-11-28T00:00:00,Utah,Australia,Utah/Australia,7-0,260,15,12,Center,Inactive,N,1610612749,Bucks,MIL,bucks,Milwaukee,andrew_bogut,2005,2018,N,Y,Y,2005,1,1,N
101122,Danny,Granger,Danny Granger,"Granger, Danny",D. Granger,danny-granger,1983-04-20T00:00:00,New Mexico,USA,New Mexico/USA,6-9,222,11,22,Forward-Guard,Inactive,N,1610612754,Pacers,IND,pacers,Indiana,danny_granger,2005,2014,N,Y,Y,2005,1,17,N
101135,David,Lee,David Lee,"Lee, David",D. Lee,david-lee,1983-04-29T00:00:00,Florida,USA,Florida/USA,6-9,245,13,10,Forward-Center,Inactive,N,1610612752,Knicks,NYK,knicks,New York,david_lee,2005,2016,N,Y,Y,2005,1,30,N
2037,Jamal,Crawford,Jamal Crawford,"Crawford, Jamal",J. Crawford,jamal-crawford,1980-03-20T00:00:00,Michigan,USA,Michigan/USA,6-5,200,21,1,Guard,Inactive,N,1610612746,Clippers,LAC,clippers,LA,jamal_crawford,2000,2019,N,Y,Y,2000,1,8,N
2732,Ben,Gordon,Ben Gordon,"Gordon, Ben",B. Gordon,ben-gordon,1983-04-04T00:00:00,Connecticut,USA,Connecticut/USA,6-3,205,12,7,Guard,Inactive,N,1610612741,Bulls,CHI,bulls,Chicago,ben_gordon,2004,2014,Y,Y,Y,2004,1,3,N
2755,Kevin,Martin,Kevin Martin,"Martin, Kevin",K. Martin,kevin-martin,1983-02-01T00:00:00,Western Carolina,USA,Western Carolina/USA,6-7,199,13,23,Guard,Inactive,N,1610612758,Kings,SAC,kings,Sacramento,kevin_martin,2004,2015,N,Y,Y,2004,1,26,N
2399,Mike,Dunleavy,Mike Dunleavy,"Dunleavy, Mike",M. Dunleavy,mike-dunleavy,1980-09-15T00:00:00,Duke,USA,Duke/USA,6-9,230,16,34,Guard-Forward,Inactive,N,1610612744,Warriors,GSW,warriors,Golden State,mike_dunleavy,2002,2016,N,Y,Y,2002,1,3,N
2406,Caron,Butler,Caron Butler,"Butler, Caron",C. Butler,caron-butler,1980-03-13T00:00:00,Connecticut,USA,Connecticut/USA,6-7,228,15,31,Forward,Inactive,N,1610612764,Wizards,WAS,wizards,Washington,caron_butler,2002,2015,N,Y,Y,2002,1,10,N
959,Steve,Nash,Steve Nash,"Nash, Steve",S. Nash,steve-nash,1974-02-07T00:00:00,Santa Clara,Canada,Santa Clara/Canada,6-3,178,19,10,Guard,Inactive,N,1610612756,Suns,PHX,suns,Phoenix,steve_nash,1996,2013,N,Y,Y,1996,1,15,Y
951,Ray,Allen,Ray Allen,"Allen, Ray",R. Allen,ray-allen,1975-07-20T00:00:00,Connecticut,USA,Connecticut/USA,6-5,205,18,34,Guard,Inactive,N,1610612749,Bucks,MIL,bucks,Milwaukee,ray_allen,1996,2013,N,Y,Y,1996,1,5,Y
2246,Mehmet,Okur,Mehmet Okur,"Okur, Mehmet",M. Okur,mehmet-okur,1979-05-26T00:00:00,Efes Pilsen,Turkey,Efes Pilsen/Turkey,6-11,260,10,,Center,Inactive,N,0,,,,,mehmet_okur,2002,2011,N,Y,Y,2001,2,37,N
1891,Jason,Terry,Jason Terry,"Terry, Jason",J. Terry,jason-terry,1977-09-15T00:00:00,Arizona,USA,Arizona/USA,6-2,185,19,3,Guard,Inactive,N,1610612742,Mavericks,DAL,mavericks,Dallas,jason_terry,1999,2017,N,Y,Y,1999,1,10,N
1894,Corey,Maggette,Corey Maggette,"Maggette, Corey",C. Maggette,corey-maggette,1979-11-12T00:00:00,Duke,USA,Duke/USA,6-6,225,15,50,Forward,Inactive,N,1610612746,Clippers,LAC,clippers,Los Angeles,corey_maggette,1999,2012,N,Y,Y,1999,1,13,N
200765,Rajon,Rondo,Rajon Rondo,"Rondo, Rajon",R. Rondo,rajon-rondo,1986-02-22T00:00:00,Kentucky,USA,Kentucky/USA,6-1,180,17,1,Guard,Inactive,N,1610612739,Cavaliers,CLE,cavaliers,Cleveland,rajon_rondo,2006,2021,N,Y,Y,2006,1,21,N
2740,Andris,Biedrins,Andris Biedrins,"Biedrins, Andris",A. Biedrins,andris-biedrins,1986-04-02T00:00:00,BK Skonto,Latvia,BK Skonto/Latvia,7-0,250,10,,Center,Inactive,N,0,,,,,andris_biedrins,2004,2013,N,Y,Y,2004,1,11,N
2564,Boris,Diaw,Boris Diaw,"Diaw, Boris",B. Diaw,boris-diaw,1982-04-16T00:00:00,Pau Orthez,France,Pau Orthez/France,6-8,250,15,33,Center-Forward,Inactive,N,1610612759,Spurs,SAS,spurs,San Antonio,boris_diaw,2003,2016,N,Y,Y,2003,1,21,N
101181,Jose,Calderon,Jose Calderon,"Calderon, Jose",J. Calderon,jose-calderon,1981-09-28T00:00:00,Tau Ceramica,Spain,Tau Ceramica/Spain,6-3,200,15,81,Guard,Inactive,N,1610612761,Raptors,TOR,raptors,Toronto,jose_calderon,2005,2018,N,Y,Y,Undrafted,Undrafted,Undrafted,N
467,Jason,Kidd,Jason Kidd,"Kidd, Jason",J. Kidd,jason-kidd,1973-03-23T00:00:00,California,USA,California/USA,6-4,210,19,5,Guard,Inactive,N,1610612751,Nets,NJN,nets,New Jersey,jason_kidd,1994,2012,N,Y,Y,1994,1,2,Y
200745,Andrea,Bargnani,Andrea Bargnani,"Bargnani, Andrea",A. Bargnani,andrea-bargnani,1985-10-26T00:00:00,Benetton Treviso,Italy,Benetton Treviso/Italy,7-0,245,10,,Center-Forward,Inactive,N,0,,,,,andrea_bargnani,2006,2015,N,Y,Y,2006,1,1,N
2551,T.J.,Ford,T.J. Ford,"Ford, T.J.",T. Ford,tj-ford,1983-03-24T00:00:00,Texas,USA,Texas/USA,6-0,165,8,,Guard,Inactive,N,0,,,,,t.j._ford,2003,2011,N,Y,Y,2003,1,8,N
1536,Stephen,Jackson,Stephen Jackson,"Jackson, Stephen",S. Jackson,stephen-jackson,1978-04-05T00:00:00,Butler C.C. (KS),USA,Butler C.C. (KS)/USA,6-8,220,14,,Guard-Forward,Inactive,N,0,,,,,stephen_jackson,2000,2013,N,Y,Y,1997,2,42,N
2210,Richard,Jefferson,Richard Jefferson,"Jefferson, Richard",R. Jefferson,richard-jefferson,1980-06-21T00:00:00,Arizona,USA,Arizona/USA,6-7,233,18,22,Forward,Inactive,N,1610612751,Nets,NJN,nets,New Jersey,richard_jefferson,2001,2017,N,Y,Y,2001,1,13,N
2561,David,West,David West,"West, David",D. West,david-west,1980-08-29T00:00:00,Xavier,USA,Xavier/USA,6-9,250,16,3,Forward,Inactive,N,1610612740,Hornets,NOH,pelicans,New Orleans,david_west,2003,2017,N,Y,Y,2003,1,18,N
1885,Lamar,Odom,Lamar Odom,"Odom, Lamar",L. Odom,lamar-odom,1979-11-06T00:00:00,Rhode Island,USA,Rhode Island/USA,6-10,230,15,,Forward,Inactive,N,1610612747,Lakers,LAL,lakers,Los Angeles,lamar_odom,1999,2013,N,Y,Y,1999,1,4,N
2422,John,Salmons,John Salmons,"Salmons, John",J. Salmons,john-salmons,1979-12-12T00:00:00,Miami,USA,Miami/USA,6-6,210,13,,Forward,Inactive,N,0,,,,,john_salmons,2002,2014,N,Y,Y,2002,1,26,N
2749,Jameer,Nelson,Jameer Nelson,"Nelson, Jameer",J. Nelson,jameer-nelson,1982-02-09T00:00:00,St. Joseph's (PA),USA,St. Joseph's (PA)/USA,6-0,190,15,41,Guard,Inactive,N,1610612753,Magic,ORL,magic,Orlando,jameer_nelson,2004,2017,N,Y,Y,2004,1,20,N
2449,Luis,Scola,Luis Scola,"Scola, Luis",L. Scola,luis-scola,1980-04-30T00:00:00,Tau Ceramica,Argentina,Tau Ceramica/Argentina,6-9,241,10,,Forward,Inactive,N,0,,,,,luis_scola,2007,2016,N,Y,Y,2002,2,55,N
200794,Paul,Millsap,Paul Millsap,"Millsap, Paul",P. Millsap,paul-millsap,1985-02-10T00:00:00,Louisiana Tech,USA,Louisiana Tech/USA,6-7,257,17,8,Forward,Inactive,N,1610612755,76ers,PHI,sixers,Philadelphia,paul_millsap,2006,2021,N,Y,Y,2006,2,47,N
2760,Anderson,Varejao,Anderson Varejao,"Varejao, Anderson",A. Varejao,anderson-varejao,1982-09-28T00:00:00,FC Barcelona,Brazil,FC Barcelona/Brazil,6-11,260,14,,Forward,Inactive,N,0,,,,,anderson_varejao,2004,2020,N,Y,Y,2004,2,30,N
1889,Andre,Miller,Andre Miller,"Miller, Andre",A. Miller,andre-miller,1976-03-19T00:00:00,Utah,USA,Utah/USA,6-3,200,18,24,Guard,Inactive,N,1610612743,Nuggets,DEN,nuggets,Denver,andre_miller,1999,2015,N,Y,Y,1999,1,8,N
101107,Marvin,Williams,Marvin Williams,"Williams, Marvin",M. Williams,marvin-williams,1986-06-19T00:00:00,North Carolina,USA,North Carolina/USA,6-8,237,16,20,Forward,Inactive,N,1610612737,Hawks,ATL,hawks,Atlanta,marvin_williams,2005,2019,N,Y,Y,2005,1,2,N
200755,JJ,Redick,JJ Redick,"Redick, JJ",J. Redick,jj-redick,1984-06-24T00:00:00,Duke,USA,Duke/USA,6-3,200,16,17,Guard,Inactive,N,1610612755,76ers,PHI,sixers,Philadelphia,jj_redick,2006,2020,N,Y,Y,2006,1,11,N
1899,James,Posey,James Posey,"Posey, James",J. Posey,james-posey,1977-01-13T00:00:00,Xavier,USA,Xavier/USA,6-8,217,13,41,Forward,Inactive,N,1610612743,Nuggets,DEN,nuggets,Denver,james_posey,1999,2010,N,Y,Y,1999,1,18,N
2571,Leandro,Barbosa,Leandro Barbosa,"Barbosa, Leandro",L. Barbosa,leandro-barbosa,1982-11-28T00:00:00,Bauru,Brazil,Bauru/Brazil,6-3,194,15,19,Guard,Inactive,N,1610612756,Suns,PHX,suns,Phoenix,leandro_barbosa,2003,2016,N,Y,Y,2003,1,28,N
1890,Shawn,Marion,Shawn Marion,"Marion, Shawn",S. Marion,shawn-marion,1978-05-07T00:00:00,UNLV,USA,UNLV/USA,6-7,228,16,31,Guard-Forward,Inactive,N,1610612756,Suns,PHX,suns,Phoenix,shawn_marion,1999,2014,N,Y,Y,1999,1,9,N
101111,Charlie,Villanueva,Charlie Villanueva,"Villanueva, Charlie",C. Villanueva,charlie-villanueva,1984-08-24T00:00:00,Connecticut,USA,Connecticut/USA,6-11,232,12,3,Forward,Inactive,N,1610612765,Pistons,DET,pistons,Detroit,charlie_villanueva,2005,2015,N,Y,Y,2005,1,7,N
2566,Travis,Outlaw,Travis Outlaw,"Outlaw, Travis",T. Outlaw,travis-outlaw,1984-09-18T00:00:00,Starkville HS (MS),USA,Starkville HS (MS)/USA,6-9,207,11,25,Forward,Inactive,N,1610612757,Trail Blazers,POR,blazers,Portland,travis_outlaw,2003,2013,N,Y,Y,2003,1,23,N
2217,Brendan,Haywood,Brendan Haywood,"Haywood, Brendan",B. Haywood,brendan-haywood,1979-11-27T00:00:00,North Carolina,USA,North Carolina/USA,7-0,263,13,33,Center,Inactive,N,1610612764,Wizards,WAS,wizards,Washington,brendan_haywood,2001,2014,N,Y,Y,2001,1,20,N
2209,Vladimir,Radmanovic,Vladimir Radmanovic,"Radmanovic, Vladimir",V. Radmanovic,vladimir-radmanovic,1980-11-19T00:00:00,FMP,Serbia,FMP/Serbia,6-10,235,13,77,Forward,Inactive,N,1610612760,SuperSonics,SEA,thunder,Seattle,vladimir_radmanovic,2001,2012,N,Y,Y,2001,1,12,N
2804,Andres,Nocioni,Andres Nocioni,"Nocioni, Andres",A. Nocioni,andres-nocioni,1979-11-30T00:00:00,Tau Ceramica,Argentina,Tau Ceramica/Argentina,,,8,,,Inactive,N,0,,,,,andres_nocioni,2004,2016,N,Y,Y,Undrafted,Undrafted,Undrafted,N
2747,JR,Smith,JR Smith,"Smith, JR",J. Smith,jr-smith,1985-09-09T00:00:00,St. Benedict's Prep (NJ),USA,St. Benedict's Prep (NJ)/USA,6-6,220,17,21,Guard,Inactive,N,1610612743,Nuggets,DEN,nuggets,Denver,jr_smith,2004,2019,N,Y,Y,2004,1,18,N
2050,Morris,Peterson,Morris Peterson,"Peterson, Morris",M. Peterson,morris-peterson,1977-08-26T00:00:00,Michigan State,USA,Michigan State/USA,6-7,220,11,,Guard,Inactive,N,0,,,,,morris_peterson,2000,2010,N,Y,Y,2000,1,21,N
1902,Jeff,Foster,Jeff Foster,"Foster, Jeff",J. Foster,jeff-foster,1977-01-16T00:00:00,Southwest Texas State,USA,Southwest Texas State/USA,6-11,250,13,10,Forward-Center,Inactive,N,1610612754,Pacers,IND,pacers,Indiana,jeff_foster,1999,2011,N,Y,Y,1999,1,21,N
2574,Jason,Kapono,Jason Kapono,"Kapono, Jason",J. Kapono,jason-kapono,1981-02-02T00:00:00,UCLA,USA,UCLA/USA,6-8,215,9,,Forward,Inactive,N,0,,,,,jason_kapono,2003,2011,N,Y,Y,2003,2,31,N
200748,Tyrus,Thomas,Tyrus Thomas,"Thomas, Tyrus",T. Thomas,tyrus-thomas,1986-08-17T00:00:00,Louisiana State,USA,Louisiana State/USA,6-10,225,8,,Forward,Inactive,N,0,,,,,tyrus_thomas,2006,2014,Y,Y,Y,2006,1,4,N
2735,Josh,Childress,Josh Childress,"Childress, Josh",J. Childress,josh-childress,1983-06-20T00:00:00,Stanford,USA,Stanford/USA,6-8,210,9,,Forward-Guard,Inactive,N,0,,,,,josh_childress,2004,2013,Y,Y,Y,2004,1,6,N
2757,Beno,Udrih,Beno Udrih,"Udrih, Beno",B. Udrih,beno-udrih,1982-07-05T00:00:00,Olimpia Milano,Slovenia,Olimpia Milano/Slovenia,6-3,205,14,19,Guard,Inactive,N,1610612758,Kings,SAC,kings,Sacramento,beno_udrih,2004,2016,N,Y,Y,2004,1,28,N
2205,DeSagana,Diop,DeSagana Diop,"Diop, DeSagana",D. Diop,desagana-diop,1982-01-30T00:00:00,Oak Hill Academy (VA),Senegal,Oak Hill Academy (VA)/Senegal,7-0,280,13,2,Center,Inactive,N,1610612742,Mavericks,DAL,mavericks,Dallas,desagana_diop,2001,2012,N,Y,Y,2001,1,8,N
2772,Trevor,Ariza,Trevor Ariza,"Ariza, Trevor",T. Ariza,trevor-ariza,1985-06-30T00:00:00,UCLA,USA,UCLA/USA,6-8,215,18,,Forward,Inactive,N,0,,,,,trevor_ariza,2004,2021,N,Y,Y,2004,2,43,N
1897,Metta,World Peace,Metta World Peace,"World Peace, Metta",M. World Peace,metta-world-peace,1979-11-13T00:00:00,St. John's (NY),USA,St. John's (NY)/USA,6-7,260,18,37,Forward,Inactive,N,1610612747,Lakers,LAL,lakers,Los Angeles,metta_world peace,1999,2016,N,Y,Y,1999,1,16,N
201142,Kevin,Durant,Kevin Durant,"Durant, Kevin",K. Durant,kevin-durant,1988-09-29T00:00:00,Texas,USA,Texas/USA,6-11,240,15,35,Forward,Active,Y,1610612756,Suns,PHX,suns,Phoenix,kevin_durant,2007,2023,N,Y,Y,2007,1,2,Y
101154,Andray,Blatche,Andray Blatche,"Blatche, Andray",A. Blatche,andray-blatche,1986-08-22T00:00:00,South Kent HS (CT),USA,South Kent HS (CT)/USA,6-11,260,9,0,Center-Forward,Inactive,N,1610612764,Wizards,WAS,wizards,Washington,andray_blatche,2005,2013,Y,Y,Y,2005,2,49,N
2400,Drew,Gooden,Drew Gooden,"Gooden, Drew",D. Gooden,drew-gooden,1981-09-24T00:00:00,Kansas,USA,Kansas/USA,6-10,250,15,90,Forward,Inactive,N,1610612739,Cavaliers,CLE,cavaliers,Cleveland,drew_gooden,2002,2015,N,Y,Y,2002,1,4,N
1733,Al,Harrington,Al Harrington,"Harrington, Al",A. Harrington,al-harrington,1980-02-17T00:00:00,St. Patrick HS (NJ),USA,St. Patrick HS (NJ)/USA,6-9,245,16,7,Forward,Inactive,N,1610612754,Pacers,IND,pacers,Indiana,al_harrington,1998,2013,N,Y,Y,1998,1,25,N
979,Jermaine,O'Neal,Jermaine O'Neal,"O'Neal, Jermaine",J. O'Neal,jermaine-oneal,1978-10-13T00:00:00,Eau Claire HS (SC),USA,Eau Claire HS (SC)/USA,6-11,255,18,7,Center-Forward,Inactive,N,1610612754,Pacers,IND,pacers,Indiana,jermaine_o'neal,1996,2013,N,Y,Y,1996,1,17,N
202083,Wesley,Matthews,Wesley Matthews,"Matthews, Wesley",W. Matthews,wesley-matthews,1986-10-14T00:00:00,Marquette,USA,Marquette/USA,6-5,220,14,32,Guard,Active,Y,1610612737,Hawks,ATL,hawks,Atlanta,wesley_matthews,2009,2023,N,Y,Y,Undrafted,Undrafted,Undrafted,N
200768,Kyle,Lowry,Kyle Lowry,"Lowry, Kyle",K. Lowry,kyle-lowry,1986-03-25T00:00:00,Villanova,USA,Villanova/USA,6-0,196,17,7,Guard,Active,Y,1610612755,76ers,PHI,sixers,Philadelphia,kyle_lowry,2006,2023,N,Y,Y,2006,1,24,N
201565,Derrick,Rose,Derrick Rose,"Rose, Derrick",D. Rose,derrick-rose,1988-10-04T00:00:00,Memphis,USA,Memphis/USA,6-3,200,14,23,Guard,Active,Y,1610612763,Grizzlies,MEM,grizzlies,Memphis,derrick_rose,2008,2023,N,Y,Y,2008,1,1,N
101128,Francisco,Garcia,Francisco Garcia,"Garcia, Francisco",F. Garcia,francisco-garcia,1981-12-31T00:00:00,Louisville,Dominican Republic,Louisville/Dominican Republic,6-7,215,10,32,Guard-Forward,Inactive,N,0,,,,,francisco_garcia,2005,2014,N,Y,Y,2005,1,23,N
201143,Al,Horford,Al Horford,"Horford, Al",A. Horford,al-horford,1986-06-03T00:00:00,Florida,Dominican Republic,Florida/Dominican Republic,6-9,240,16,42,Center-Forward,Active,Y,1610612738,Celtics,BOS,celtics,Boston,al_horford,2007,2023,N,Y,Y,2007,1,3,N
201933,Blake,Griffin,Blake Griffin,"Griffin, Blake",B. Griffin,blake-griffin,1989-03-16T00:00:00,Oklahoma,USA,Oklahoma/USA,6-9,250,14,91,Forward,Inactive,N,1610612738,Celtics,BOS,celtics,Boston,blake_griffin,2009,2022,N,Y,Y,2009,1,1,N
2575,Luke,Walton,Luke Walton,"Walton, Luke",L. Walton,luke-walton,1980-03-28T00:00:00,Arizona,USA,Arizona/USA,6-8,235,11,4,Forward,Inactive,N,1610612747,Lakers,LAL,lakers,Los Angeles,luke_walton,2003,2012,N,Y,Y,2003,2,32,N
101112,Channing,Frye,Channing Frye,"Frye, Channing",C. Frye,channing-frye,1983-05-17T00:00:00,Arizona,USA,Arizona/USA,7-0,255,14,9,Forward-Center,Inactive,N,1610612756,Suns,PHX,suns,Phoenix,channing_frye,2005,2018,N,Y,Y,2005,1,8,N
202322,John,Wall,John Wall,"Wall, John",J. Wall,john-wall,1990-09-06T00:00:00,Kentucky,USA,Kentucky/USA,6-3,210,11,,Guard,Inactive,N,0,,,,,john_wall,2010,2022,N,Y,Y,2010,1,1,N
2501,Reggie,Evans,Reggie Evans,"Evans, Reggie",R. Evans,reggie-evans,1980-05-18T00:00:00,Iowa,USA,Iowa/USA,6-8,245,13,30,Center-Forward,Inactive,N,1610612760,SuperSonics,SEA,thunder,Seattle,reggie_evans,2002,2014,N,Y,Y,Undrafted,Undrafted,Undrafted,N
101131,Jason,Maxiell,Jason Maxiell,"Maxiell, Jason",J. Maxiell,jason-maxiell,1983-02-18T00:00:00,Cincinnati,USA,Cincinnati/USA,6-7,260,10,54,Forward,Inactive,N,1610612765,Pistons,DET,pistons,Detroit,jason_maxiell,2005,2014,N,Y,Y,2005,1,26,N
101161,Amir,Johnson,Amir Johnson,"Johnson, Amir",A. Johnson,amir-johnson,1987-05-01T00:00:00,Westchester HS (CA),USA,Westchester HS (CA)/USA,6-9,240,15,5,Center-Forward,Inactive,N,1610612761,Raptors,TOR,raptors,Toronto,amir_johnson,2005,2018,Y,Y,Y,2005,2,56,N
2594,Kyle,Korver,Kyle Korver,"Korver, Kyle",K. Korver,kyle-korver,1981-03-17T00:00:00,Creighton,USA,Creighton/USA,6-7,212,18,26,Guard-Forward,Inactive,N,1610612755,76ers,PHI,sixers,Philadelphia,kyle_korver,2003,2019,N,Y,Y,2003,2,51,N
2034,Mike,Miller,Mike Miller,"Miller, Mike",M. Miller,mike-miller,1980-02-19T00:00:00,Florida,USA,Florida/USA,6-8,218,18,3,Guard-Forward,Inactive,N,1610612763,Grizzlies,MEM,grizzlies,Memphis,mike_miller,2000,2016,N,Y,Y,2000,1,5,N
101150,Lou,Williams,Lou Williams,"Williams, Lou",L. Williams,lou-williams,1986-10-27T00:00:00,South Gwinnett HS (GA),USA,South Gwinnett HS (GA)/USA,6-2,175,18,6,Guard,Inactive,N,1610612737,Hawks,ATL,hawks,Atlanta,lou_williams,2005,2021,Y,Y,Y,2005,2,45,N
101132,Linas,Kleiza,Linas Kleiza,"Kleiza, Linas",L. Kleiza,linas-kleiza,1985-01-03T00:00:00,Missouri,Lithuania,Missouri/Lithuania,6-8,234,8,11,Forward,Inactive,N,1610612743,Nuggets,DEN,nuggets,Denver,linas_kleiza,2005,2012,N,Y,Y,2005,1,27,N
201563,Michael,Beasley,Michael Beasley,"Beasley, Michael",M. Beasley,michael-beasley,1989-01-09T00:00:00,Kansas State,USA,Kansas State/USA,6-9,235,12,,Forward,Inactive,N,0,,,,,michael_beasley,2008,2018,N,Y,Y,2008,1,2,N
201144,Mike,Conley,Mike Conley,"Conley, Mike",M. Conley,mike-conley,1987-10-11T00:00:00,Ohio State,USA,Ohio State/USA,6-0,175,16,10,Guard,Active,Y,1610612750,Timberwolves,MIN,timberwolves,Minnesota,mike_conley,2007,2023,N,Y,Y,2007,1,4,N
686,Antonio,McDyess,Antonio McDyess,"McDyess, Antonio",A. McDyess,antonio-mcdyess,1974-09-07T00:00:00,Alabama,USA,Alabama/USA,6-9,245,16,34,Forward-Center,Inactive,N,1610612765,Pistons,DET,pistons,Detroit,antonio_mcdyess,1995,2010,N,Y,Y,1995,1,2,N
2556,Marcus,Banks,Marcus Banks,"Banks, Marcus",M. Banks,marcus-banks,1981-11-19T00:00:00,UNLV,USA,UNLV/USA,6-2,205,9,15,Guard,Inactive,N,1610612738,Celtics,BOS,celtics,Boston,marcus_banks,2003,2010,Y,Y,Y,2003,1,13,N
2443,Darius,Songaila,Darius Songaila,"Songaila, Darius",D. Songaila,darius-songaila,1978-02-14T00:00:00,Wake Forest,Lithuania,Wake Forest/Lithuania,6-9,248,9,25,Forward,Inactive,N,1610612764,Wizards,WAS,wizards,Washington,darius_songaila,2003,2010,N,Y,Y,2002,2,49,N
101110,Martell,Webster,Martell Webster,"Webster, Martell",M. Webster,martell-webster,1986-12-04T00:00:00,Seattle Preparatory HS (WA),USA,Seattle Preparatory HS (WA)/USA,6-7,230,11,9,Forward-Guard,Inactive,N,1610612757,Trail Blazers,POR,blazers,Portland,martell_webster,2005,2014,Y,Y,Y,2005,1,6,N
200758,Ronnie,Brewer,Ronnie Brewer,"Brewer, Ronnie",R. Brewer,ronnie-brewer,1985-03-20T00:00:00,Arkansas,USA,Arkansas/USA,6-7,235,8,11,Forward,Inactive,N,1610612762,Jazz,UTA,jazz,Utah,ronnie_brewer,2006,2013,Y,Y,Y,2006,1,14,N
202323,Evan,Turner,Evan Turner,"Turner, Evan",E. Turner,evan-turner,1988-10-27T00:00:00,Ohio State,USA,Ohio State/USA,6-6,220,11,1,Guard-Forward,Inactive,N,1610612755,76ers,PHI,sixers,Philadelphia,evan_turner,2010,2019,N,Y,Y,2010,1,2,N
2365,Chris,Andersen,Chris Andersen,"Andersen, Chris",C. Andersen,chris-andersen,1978-07-07T00:00:00,Blinn J.C.,USA,Blinn J.C./USA,6-10,245,15,,Forward-Center,Inactive,N,0,,,,,chris_andersen,2001,2016,N,Y,Y,Undrafted,Undrafted,Undrafted,N
201564,O.J.,Mayo,O.J. Mayo,"Mayo, O.J.",O. Mayo,oj-mayo,1987-11-05T00:00:00,Southern California,USA,Southern California/USA,6-5,210,9,3,Guard,Inactive,N,1610612763,Grizzlies,MEM,grizzlies,Memphis,o.j._mayo,2008,2015,N,Y,Y,2008,1,3,N
2294,Charlie,Bell,Charlie Bell,"Bell, Charlie",C. Bell,charlie-bell,1979-03-12T00:00:00,Michigan State,USA,Michigan State/USA,6-3,200,8,34,Guard,Inactive,N,1610612749,Bucks,MIL,bucks,Milwaukee,charlie_bell,2001,2010,N,Y,Y,Undrafted,Undrafted,Undrafted,N
1802,Brad,Miller,Brad Miller,"Miller, Brad",B. Miller,brad-miller,1976-04-12T00:00:00,Purdue,USA,Purdue/USA,7-0,261,15,52,Center-Forward,Inactive,N,1610612758,Kings,SAC,kings,Sacramento,brad_miller,1998,2011,N,Y,Y,Undrafted,Undrafted,Undrafted,N
2545,Darko,Milicic,Darko Milicic,"Milicic, Darko",D. Milicic,darko-milicic,1985-06-20T00:00:00,Hemoform,Serbia,Hemoform/Serbia,7-0,275,10,,Center,Inactive,N,0,,,,,darko_milicic,2003,2012,N,Y,Y,2003,1,2,N
201935,James,Harden,James Harden,"Harden, James",J. Harden,james-harden,1989-08-26T00:00:00,Arizona State,USA,Arizona State/USA,6-5,220,14,1,Guard,Active,Y,1610612746,Clippers,LAC,clippers,LA,james_harden,2009,2023,N,Y,Y,2009,1,3,Y
2679,Matt,Carroll,Matt Carroll,"Carroll, Matt",M. Carroll,matt-carroll,1980-08-28T00:00:00,Notre Dame,USA,Notre Dame/USA,6-6,212,10,,Guard,Inactive,N,0,,,,,matt_carroll,2003,2012,N,Y,Y,Undrafted,Undrafted,Undrafted,N
201593,Nikola,Pekovic,Nikola Pekovic,"Pekovic, Nikola",N. Pekovic,nikola-pekovic,1986-01-03T00:00:00,Panathinaikos,Montenegro,Panathinaikos/Montenegro,6-11,307,7,14,Center,Inactive,N,1610612750,Timberwolves,MIN,timberwolves,Minnesota,nikola_pekovic,2010,2016,N,Y,Y,2008,2,31,N
2585,Zaza,Pachulia,Zaza Pachulia,"Pachulia, Zaza",Z. Pachulia,zaza-pachulia,1984-02-10T00:00:00,Ulkerspor,Georgia,Ulkerspor/Georgia,6-11,270,17,27,Center,Inactive,N,1610612737,Hawks,ATL,hawks,Atlanta,zaza_pachulia,2003,2018,N,Y,Y,2003,2,42,N
101124,Hakim,Warrick,Hakim Warrick,"Warrick, Hakim",H. Warrick,hakim-warrick,1982-07-08T00:00:00,Syracuse,USA,Syracuse/USA,6-9,219,8,,Forward,Inactive,N,0,,,,,hakim_warrick,2005,2012,Y,Y,Y,2005,1,19,N
200751,Randy,Foye,Randy Foye,"Foye, Randy",R. Foye,randy-foye,1983-09-24T00:00:00,Villanova,USA,Villanova/USA,6-4,218,12,2,Guard,Inactive,N,1610612750,Timberwolves,MIN,timberwolves,Minnesota,randy_foye,2006,2016,N,Y,Y,2006,1,7,N
2052,DeShawn,Stevenson,DeShawn Stevenson,"Stevenson, DeShawn",D. Stevenson,deshawn-stevenson,1981-04-03T00:00:00,Washington Union HS (CA),USA,Washington Union HS (CA)/USA,6-5,218,14,92,Forward-Guard,Inactive,N,1610612764,Wizards,WAS,wizards,Washington,deshawn_stevenson,2000,2012,N,Y,Y,2000,1,23,N
201146,Yi,Jianlian,Yi Jianlian,Yi Jianlian,J. Yi,yi-jianlian,1987-10-27T00:00:00,Guangdong,China,Guangdong/China,7-0,250,6,9,Forward,Inactive,N,1610612751,Nets,NJN,nets,New Jersey,jianlian_yi,2007,2011,Y,Y,Y,2007,1,6,N
201566,Russell,Westbrook,Russell Westbrook,"Westbrook, Russell",R. Westbrook,russell-westbrook,1988-11-12T00:00:00,UCLA,USA,UCLA/USA,6-4,200,15,0,Guard,Active,Y,1610612746,Clippers,LAC,clippers,LA,russell_westbrook,2008,2023,N,Y,Y,2008,1,4,Y
200789,Daniel,Gibson,Daniel Gibson,"Gibson, Daniel",D. Gibson,daniel-gibson,1986-02-27T00:00:00,Texas,USA,Texas/USA,6-2,200,8,1,Guard,Inactive,N,1610612739,Cavaliers,CLE,cavaliers,Cleveland,daniel_gibson,2006,2012,N,Y,Y,2006,2,42,N
2557,Luke,Ridnour,Luke Ridnour,"Ridnour, Luke",L. Ridnour,luke-ridnour,1981-02-13T00:00:00,Oregon,USA,Oregon/USA,6-2,175,12,13,Guard,Inactive,N,1610612760,SuperSonics,SEA,thunder,Seattle,luke_ridnour,2003,2014,N,Y,Y,2003,1,14,N
201627,Anthony,Morrow,Anthony Morrow,"Morrow, Anthony",A. Morrow,anthony-morrow,1985-09-27T00:00:00,Georgia Tech,USA,Georgia Tech/USA,6-5,210,10,11,Guard,Inactive,N,1610612760,Thunder,OKC,thunder,Oklahoma City,anthony_morrow,2008,2016,N,Y,Y,Undrafted,Undrafted,Undrafted,N
101142,Ronny,Turiaf,Ronny Turiaf,"Turiaf, Ronny",R. Turiaf,ronny-turiaf,1983-01-13T00:00:00,Gonzaga,France,Gonzaga/France,6-10,249,10,,Center,Inactive,N,0,,,,,ronny_turiaf,2005,2014,N,Y,Y,2005,2,37,N
101138,Brandon,Bass,Brandon Bass,"Bass, Brandon",B. Bass,brandon-bass,1985-04-30T00:00:00,Louisiana State,USA,Louisiana State/USA,6-8,250,13,30,Forward,Inactive,N,1610612738,Celtics,BOS,celtics,Boston,brandon_bass,2005,2016,Y,Y,Y,2005,2,33,N
2581,Steve,Blake,Steve Blake,"Blake, Steve",S. Blake,steve-blake,1980-02-26T00:00:00,Maryland,USA,Maryland/USA,6-3,172,14,22,Guard,Inactive,N,1610612757,Trail Blazers,POR,blazers,Portland,steve_blake,2003,2015,N,Y,Y,2003,2,38,N
101155,Ryan,Gomes,Ryan Gomes,"Gomes, Ryan",R. Gomes,ryan-gomes,1982-09-01T00:00:00,Providence,USA,Providence/USA,6-7,245,8,,Forward,Inactive,N,0,,,,,ryan_gomes,2005,2013,Y,Y,Y,2005,2,50,N
2584,Willie,Green,Willie Green,"Green, Willie",W. Green,willie-green,1981-07-28T00:00:00,Detroit,USA,Detroit/USA,6-3,205,12,34,Guard,Inactive,N,1610612755,76ers,PHI,sixers,Philadelphia,willie_green,2003,2014,N,Y,Y,2003,2,41,N
201196,Ramon,Sessions,Ramon Sessions,"Sessions, Ramon",R. Sessions,ramon-sessions,1986-04-11T00:00:00,Nevada,USA,Nevada/USA,6-3,190,12,9,Guard,Inactive,N,1610612766,Hornets,CHA,hornets,Charlotte,ramon_sessions,2007,2017,Y,Y,Y,2007,2,56,N
201936,Tyreke,Evans,Tyreke Evans,"Evans, Tyreke",T. Evans,tyreke-evans,1989-09-19T00:00:00,Memphis,USA,Memphis/USA,6-6,220,10,,Guard,Inactive,N,0,,,,,tyreke_evans,2009,2018,Y,Y,Y,2009,1,4,N
200770,Jordan,Farmar,Jordan Farmar,"Farmar, Jordan",J. Farmar,jordan-farmar,1986-11-30T00:00:00,UCLA,USA,UCLA/USA,6-2,180,10,,Guard,Inactive,N,0,,,,,jordan_farmar,2006,2016,Y,Y,Y,2006,1,26,N
202325,Wesley,Johnson,Wesley Johnson,"Johnson, Wesley",W. Johnson,wesley-johnson,1987-07-11T00:00:00,Syracuse,USA,Syracuse/USA,6-7,215,10,4,Forward-Guard,Inactive,N,1610612746,Clippers,LAC,clippers,LA,wesley_johnson,2010,2018,N,Y,Y,2010,1,4,N
965,Derek,Fisher,Derek Fisher,"Fisher, Derek",D. Fisher,derek-fisher,1974-08-09T00:00:00,Arkansas-Little Rock,USA,Arkansas-Little Rock/USA,6-1,210,18,6,Guard,Inactive,N,1610612747,Lakers,LAL,lakers,Los Angeles,derek_fisher,1996,2013,N,Y,Y,1996,1,24,N
101139,CJ,Miles,CJ Miles,"Miles, CJ",C. Miles,cj-miles,1987-03-18T00:00:00,Skyline HS (TX),USA,Skyline HS (TX)/USA,6-6,220,16,,Guard,Inactive,N,0,,,,,cj_miles,2005,2021,Y,Y,Y,2005,2,34,N
201567,Kevin,Love,Kevin Love,"Love, Kevin",K. Love,kevin-love,1988-09-07T00:00:00,UCLA,USA,UCLA/USA,6-8,251,15,42,Forward-Center,Active,Y,1610612748,Heat,MIA,heat,Miami,kevin_love,2008,2023,N,Y,Y,2008,1,5,N
201228,C.J.,Watson,C.J. Watson,"Watson, C.J.",C. Watson,cj-watson,1984-04-17T00:00:00,Tennessee,USA,Tennessee/USA,6-2,175,11,32,Guard,Inactive,N,1610612744,Warriors,GSW,warriors,Golden State,c.j._watson,2007,2016,Y,Y,Y,Undrafted,Undrafted,Undrafted,N
201188,Marc,Gasol,Marc Gasol,"Gasol, Marc",M. Gasol,marc-gasol,1985-01-29T00:00:00,FC Barcelona,Spain,FC Barcelona/Spain,6-11,255,14,14,Center,Inactive,N,1610612763,Grizzlies,MEM,grizzlies,Memphis,marc_gasol,2008,2020,N,Y,Y,2007,2,48,N
2748,Dorell,Wright,Dorell Wright,"Wright, Dorell",D. Wright,dorell-wright,1985-12-02T00:00:00,South Kent HS (CT),USA,South Kent HS (CT)/USA,6-9,205,12,11,Forward-Guard,Inactive,N,1610612748,Heat,MIA,heat,Miami,dorell_wright,2004,2015,Y,Y,Y,2004,1,19,N
2617,Udonis,Haslem,Udonis Haslem,"Haslem, Udonis",U. Haslem,udonis-haslem,1980-06-09T00:00:00,Florida,USA,Florida/USA,6-7,235,21,40,Forward,Inactive,N,1610612748,Heat,MIA,heat,Miami,udonis_haslem,2003,2022,N,Y,Y,Undrafted,Undrafted,Undrafted,N
2768,Chris,Duhon,Chris Duhon,"Duhon, Chris",C. Duhon,chris-duhon,1982-08-31T00:00:00,Duke,USA,Duke/USA,6-1,190,10,21,Guard,Inactive,N,1610612741,Bulls,CHI,bulls,Chicago,chris_duhon,2004,2012,N,Y,Y,2004,2,38,N
2568,Carlos,Delfino,Carlos Delfino,"Delfino, Carlos",C. Delfino,carlos-delfino,1982-08-29T00:00:00,Fortitudo Bologna,Argentina,Fortitudo Bologna/Argentina,6-6,230,9,10,Guard-Forward,Inactive,N,1610612765,Pistons,DET,pistons,Detroit,carlos_delfino,2004,2013,N,Y,Y,2003,1,25,N
2733,Shaun,Livingston,Shaun Livingston,"Livingston, Shaun",S. Livingston,shaun-livingston,1985-09-11T00:00:00,Peoria Central HS (IL),USA,Peoria Central HS (IL)/USA,6-7,192,16,34,Guard,Inactive,N,1610612744,Warriors,GSW,warriors,Golden State,shaun_livingston,2004,2018,Y,Y,Y,2004,1,4,N
201168,Tiago,Splitter,Tiago Splitter,"Splitter, Tiago",T. Splitter,tiago-splitter,1985-01-01T00:00:00,Bilbao,Brazil,Baskonia/Brazil,6-11,245,8,47,Center-Forward,Inactive,N,1610612759,Spurs,SAS,spurs,San Antonio,tiago_splitter,2010,2016,Y,Y,Y,2007,1,28,N
202326,DeMarcus,Cousins,DeMarcus Cousins,"Cousins, DeMarcus",D. Cousins,demarcus-cousins,1990-08-13T00:00:00,Kentucky,USA,Kentucky/USA,6-10,270,12,4,Center,Inactive,N,1610612743,Nuggets,DEN,nuggets,Denver,demarcus_cousins,2010,2021,N,Y,Y,2010,1,5,N
200757,Thabo,Sefolosha,Thabo Sefolosha,"Sefolosha, Thabo",T. Sefolosha,thabo-sefolosha,1984-05-02T00:00:00,Angelico Biella,Switzerland,Angelico Biella/Switzerland,6-6,215,15,18,Forward-Guard,Inactive,N,1610612760,Thunder,OKC,thunder,Oklahoma City,thabo_sefolosha,2006,2019,N,Y,Y,2006,1,13,N
101198,Will,Bynum,Will Bynum,"Bynum, Will",W. Bynum,will-bynum,1983-01-04T00:00:00,Georgia Tech,USA,Georgia Tech/USA,6-0,185,9,1,Guard,Inactive,N,1610612765,Pistons,DET,pistons,Detroit,will_bynum,2005,2014,Y,Y,Y,Undrafted,Undrafted,Undrafted,N
101130,Johan,Petro,Johan Petro,"Petro, Johan",J. Petro,johan-petro,1986-01-27T00:00:00,Pau Orthez,France,Pau Orthez/France,7-0,247,9,10,Center,Inactive,N,1610612760,Thunder,OKC,thunder,Oklahoma City,johan_petro,2005,2012,Y,Y,Y,2005,1,25,N
255,Grant,Hill,Grant Hill,"Hill, Grant",G. Hill,grant-hill,1972-10-05T00:00:00,Duke,USA,Duke/USA,6-8,225,18,33,Forward,Inactive,N,1610612765,Pistons,DET,pistons,Detroit,grant_hill,1994,2012,N,Y,Y,1994,1,3,N
2743,Kris,Humphries,Kris Humphries,"Humphries, Kris",K. Humphries,kris-humphries,1985-02-06T00:00:00,Minnesota,USA,Minnesota/USA,6-9,235,14,43,Forward,Inactive,N,1610612751,Nets,BKN,nets,Brooklyn,kris_humphries,2004,2016,N,Y,Y,2004,1,14,N
201938,Jonny,Flynn,Jonny Flynn,"Flynn, Jonny",J. Flynn,jonny-flynn,1989-02-06T00:00:00,Syracuse,USA,Syracuse/USA,6-0,185,4,3,Guard,Inactive,N,1610612750,Timberwolves,MIN,timberwolves,Minnesota,jonny_flynn,2009,2011,Y,Y,Y,2009,1,6,N
201149,Joakim,Noah,Joakim Noah,"Noah, Joakim",J. Noah,joakim-noah,1985-02-25T00:00:00,Florida,USA,Florida/USA,6-11,232,14,55,Forward-Center,Inactive,N,1610612741,Bulls,CHI,bulls,Chicago,joakim_noah,2007,2019,Y,Y,Y,2007,1,9,N
202327,Ekpe,Udoh,Ekpe Udoh,"Udoh, Ekpe",E. Udoh,ekpe-udoh,1987-05-20T00:00:00,Baylor,USA,Baylor/USA,6-10,245,8,33,Center-Forward,Inactive,N,1610612749,Bucks,MIL,bucks,Milwaukee,ekpe_udoh,2010,2018,N,Y,Y,2010,1,6,N
2588,Matt,Bonner,Matt Bonner,"Bonner, Matt",M. Bonner,matt-bonner,1980-04-05T00:00:00,Florida,USA,Florida/USA,6-10,235,13,15,Center-Forward,Inactive,N,1610612759,Spurs,SAS,spurs,San Antonio,matt_bonner,2004,2015,N,Y,Y,2003,2,45,N
201569,Eric,Gordon,Eric Gordon,"Gordon, Eric",E. Gordon,eric-gordon,1988-12-25T00:00:00,Indiana,USA,Indiana/USA,6-3,215,15,23,Guard,Active,Y,1610612756,Suns,PHX,suns,Phoenix,eric_gordon,2008,2023,N,Y,Y,2008,1,7,N
201175,Glen,Davis,Glen Davis,"Davis, Glen",G. Davis,glen-davis,1986-01-01T00:00:00,Louisiana State,USA,Louisiana State/USA,6-9,289,8,0,Forward-Center,Inactive,N,1610612738,Celtics,BOS,celtics,Boston,glen_davis,2007,2014,N,Y,Y,2007,2,35,N
2059,Eduardo,Najera,Eduardo Najera,"Najera, Eduardo",E. Najera,eduardo-najera,1976-07-11T00:00:00,Oklahoma,Mexico,Oklahoma/Mexico,6-8,235,13,21,Forward,Inactive,N,1610612743,Nuggets,DEN,nuggets,Denver,eduardo_najera,2000,2011,N,Y,Y,2000,2,38,N
1952,Raja,Bell,Raja Bell,"Bell, Raja",R. Bell,raja-bell,1976-09-19T00:00:00,Florida International,US Virgin Islands,Florida International/U.S. Virgin Islands,6-5,210,13,19,Guard,Inactive,N,1610612756,Suns,PHX,suns,Phoenix,raja_bell,2000,2011,N,Y,Y,Undrafted,Undrafted,Undrafted,N
2572,Josh,Howard,Josh Howard,"Howard, Josh",J. Howard,josh-howard,1980-04-28T00:00:00,Wake Forest,USA,Wake Forest/USA,6-7,210,10,,Forward-Guard,Inactive,N,0,,,,,josh_howard,2003,2012,Y,Y,Y,2003,1,29,N
2754,Tony,Allen,Tony Allen,"Allen, Tony",T. Allen,tony-allen,1982-01-11T00:00:00,Oklahoma State,USA,Oklahoma State/USA,6-4,213,14,,Guard-Forward,Inactive,N,0,,,,,tony_allen,2004,2017,N,Y,Y,2004,1,25,N
2404,Chris,Wilcox,Chris Wilcox,"Wilcox, Chris",C. Wilcox,chris-wilcox,1982-09-03T00:00:00,Maryland,USA,Maryland/USA,6-10,235,12,44,Forward-Center,Inactive,N,1610612746,Clippers,LAC,clippers,Los Angeles,chris_wilcox,2002,2012,N,Y,Y,2002,1,8,N
201150,Spencer,Hawes,Spencer Hawes,"Hawes, Spencer",S. Hawes,spencer-hawes,1988-04-28T00:00:00,Washington,USA,Washington/USA,7-1,245,11,00,Forward-Center,Inactive,N,1610612755,76ers,PHI,sixers,Philadelphia,spencer_hawes,2007,2016,Y,Y,Y,2007,1,10,N
201939,Stephen,Curry,Stephen Curry,"Curry, Stephen",S. Curry,stephen-curry,1988-03-14T00:00:00,Davidson,USA,Davidson/USA,6-2,185,14,30,Guard,Active,Y,1610612744,Warriors,GSW,warriors,Golden State,stephen_curry,2009,2023,N,Y,Y,2009,1,7,Y
201152,Thaddeus,Young,Thaddeus Young,"Young, Thaddeus",T. Young,thaddeus-young,1988-06-21T00:00:00,Georgia Tech,USA,Georgia Tech/USA,6-8,225,16,30,Forward,Active,Y,1610612756,Suns,PHX,suns,Phoenix,thaddeus_young,2007,2023,N,Y,Y,2007,1,12,N
201153,Julian,Wright,Julian Wright,"Wright, Julian",J. Wright,julian-wright,1987-05-20T00:00:00,Kansas,USA,Kansas/USA,6-8,225,5,14,Forward,Inactive,N,1610612740,Hornets,NOH,pelicans,New Orleans,julian_wright,2007,2010,Y,Y,Y,2007,1,13,N
1515,Anthony,Parker,Anthony Parker,"Parker, Anthony",A. Parker,anthony-parker,1975-06-19T00:00:00,Bradley,USA,Bradley/USA,6-6,210,10,18,Guard,Inactive,N,1610612761,Raptors,TOR,raptors,Toronto,anthony_parker,1997,2011,N,Y,Y,1997,1,21,N
202328,Greg,Monroe,Greg Monroe,"Monroe, Greg",G. Monroe,greg-monroe,1990-06-04T00:00:00,Georgetown,USA,Georgetown/USA,6-10,250,11,15,Forward-Center,Inactive,N,1610612750,Timberwolves,MIN,timberwolves,Minnesota,greg_monroe,2010,2021,Y,Y,Y,2010,1,7,N
201155,Rodney,Stuckey,Rodney Stuckey,"Stuckey, Rodney",R. Stuckey,rodney-stuckey,1986-04-21T00:00:00,Eastern Washington,USA,Eastern Washington/USA,6-5,205,10,,Guard,Inactive,N,0,,,,,rodney_stuckey,2007,2016,N,Y,Y,2007,1,15,N
2742,Sebastian,Telfair,Sebastian Telfair,"Telfair, Sebastian",S. Telfair,sebastian-telfair,1985-06-09T00:00:00,Abraham Lincoln HS (NY),USA,Abraham Lincoln HS (NY)/USA,6-0,170,10,,Guard,Inactive,N,0,,,,,sebastian_telfair,2004,2014,N,Y,Y,2004,1,13,N
201941,Jordan,Hill,Jordan Hill,"Hill, Jordan",J. Hill,jordan-hill,1987-07-27T00:00:00,Arizona,USA,Arizona/USA,6-10,240,9,27,Forward-Center,Inactive,N,1610612747,Lakers,LAL,lakers,Los Angeles,jordan_hill,2009,2016,N,Y,Y,2009,1,8,N
201156,Nick,Young,Nick Young,"Young, Nick",N. Young,nick-young,1985-06-01T00:00:00,Southern California,USA,Southern California/USA,6-7,210,12,,Guard-Forward,Inactive,N,0,,,,,nick_young,2007,2018,N,Y,Y,2007,1,16,N
202329,Al-Farouq,Aminu,Al-Farouq Aminu,"Aminu, Al-Farouq",A. Aminu,al-farouq-aminu,1990-09-21T00:00:00,Wake Forest,USA,Wake Forest/USA,6-8,220,12,5,Forward,Inactive,N,1610612757,Trail Blazers,POR,blazers,Portland,al-farouq_aminu,2010,2020,N,Y,Y,2010,1,8,N
201571,D.J.,Augustin,D.J. Augustin,"Augustin, D.J.",D. Augustin,dj-augustin,1987-11-10T00:00:00,Texas,USA,Texas/USA,5-11,183,15,4,Guard,Inactive,N,1610612745,Rockets,HOU,rockets,Houston,d.j._augustin,2008,2022,N,Y,Y,2008,1,9,N
2563,Dahntay,Jones,Dahntay Jones,"Jones, Dahntay",D. Jones,dahntay-jones,1980-12-27T00:00:00,Duke,USA,Duke/USA,6-6,225,14,30,Guard-Forward,Inactive,N,1610612763,Grizzlies,MEM,grizzlies,Memphis,dahntay_jones,2003,2016,Y,Y,Y,2003,1,20,N
201942,DeMar,DeRozan,DeMar DeRozan,"DeRozan, DeMar",D. DeRozan,demar-derozan,1989-08-07T00:00:00,Southern California,USA,Southern California/USA,6-6,220,14,11,Guard-Forward,Active,Y,1610612741,Bulls,CHI,bulls,Chicago,demar_derozan,2009,2023,N,Y,Y,2009,1,9,N
201572,Brook,Lopez,Brook Lopez,"Lopez, Brook",B. Lopez,brook-lopez,1988-04-01T00:00:00,Stanford,USA,Stanford/USA,7-1,282,15,11,Center,Active,Y,1610612749,Bucks,MIL,bucks,Milwaukee,brook_lopez,2008,2023,N,Y,Y,2008,1,10,N
2605,Marquis,Daniels,Marquis Daniels,"Daniels, Marquis",M. Daniels,marquis-daniels,1981-01-07T00:00:00,Auburn,USA,Auburn/USA,6-6,200,11,6,Forward,Inactive,N,1610612742,Mavericks,DAL,mavericks,Dallas,marquis_daniels,2003,2012,N,Y,Y,Undrafted,Undrafted,Undrafted,N
201158,Marco,Belinelli,Marco Belinelli,"Belinelli, Marco",M. Belinelli,marco-belinelli,1986-03-25T00:00:00,Fortitudo Bologna,Italy,Fortitudo Bologna/Italy,6-5,220,14,18,Guard,Inactive,N,1610612759,Spurs,SAS,spurs,San Antonio,marco_belinelli,2007,2019,N,Y,Y,2007,1,18,N
202330,Gordon,Hayward,Gordon Hayward,"Hayward, Gordon",G. Hayward,gordon-hayward,1990-03-23T00:00:00,Butler,USA,Butler/USA,6-7,225,13,33,Forward,Active,Y,1610612760,Thunder,OKC,thunder,Oklahoma City,gordon_hayward,2010,2023,N,Y,Y,2010,1,9,N
200797,Ryan,Hollins,Ryan Hollins,"Hollins, Ryan",R. Hollins,ryan-hollins,1984-10-10T00:00:00,UCLA,USA,UCLA/USA,7-0,240,10,,Center,Inactive,N,0,,,,,ryan_hollins,2006,2015,Y,Y,Y,2006,2,50,N
201943,Brandon,Jennings,Brandon Jennings,"Jennings, Brandon",B. Jennings,brandon-jennings,1989-09-23T00:00:00,Virtus Roma,USA,Virtus Roma/USA,6-1,170,9,11,Guard,Inactive,N,1610612749,Bucks,MIL,bucks,Milwaukee,brandon_jennings,2009,2017,Y,Y,Y,2009,1,10,N
101141,Ersan,Ilyasova,Ersan Ilyasova,"Ilyasova, Ersan",E. Ilyasova,ersan-ilyasova,1987-05-15T00:00:00,FC Barcelona,Turkey,FC Barcelona/Turkey,6-9,235,14,77,Forward,Inactive,N,1610612749,Bucks,MIL,bucks,Milwaukee,ersan_ilyasova,2006,2020,Y,Y,Y,2005,2,36,N
200783,Craig,Smith,Craig Smith,"Smith, Craig",C. Smith,craig-smith,1983-11-10T00:00:00,Boston College,USA,Boston College/USA,6-7,265,6,83,Forward,Inactive,N,1610612750,Timberwolves,MIN,timberwolves,Minnesota,craig_smith,2006,2011,Y,Y,Y,2006,2,36,N
2047,Quentin,Richardson,Quentin Richardson,"Richardson, Quentin",Q. Richardson,quentin-richardson,1980-04-13T00:00:00,DePaul,USA,DePaul/USA,6-6,228,14,55,Forward,Inactive,N,1610612746,Clippers,LAC,clippers,Los Angeles,quentin_richardson,2000,2012,N,Y,Y,2000,1,18,N
202331,Paul,George,Paul George,"George, Paul",P. George,paul-george,1990-05-02T00:00:00,Fresno State,USA,Fresno State/USA,6-8,220,13,13,Forward,Active,Y,1610612746,Clippers,LAC,clippers,LA,paul_george,2010,2023,N,Y,Y,2010,1,10,N
200811,Lou,Amundson,Lou Amundson,"Amundson, Lou",L. Amundson,lou-amundson,1982-12-07T00:00:00,UNLV,USA,UNLV/USA,6-9,220,11,17,Forward,Inactive,N,1610612756,Suns,PHX,suns,Phoenix,lou_amundson,2006,2015,Y,Y,Y,Undrafted,Undrafted,Undrafted,N
201229,Anthony,Tolliver,Anthony Tolliver,"Tolliver, Anthony",A. Tolliver,anthony-tolliver,1985-06-01T00:00:00,Creighton,USA,Creighton/USA,6-8,240,14,43,Forward,Inactive,N,1610612765,Pistons,DET,pistons,Detroit,anthony_tolliver,2008,2020,Y,Y,Y,Undrafted,Undrafted,Undrafted,N
201160,Jason,Smith,Jason Smith,"Smith, Jason",J. Smith,jason-smith,1986-03-02T00:00:00,Colorado State,USA,Colorado State/USA,7-0,240,11,,Forward-Center,Inactive,N,0,,,,,jason_smith,2007,2018,N,Y,Y,2007,1,20,N
201574,Jason,Thompson,Jason Thompson,"Thompson, Jason",J. Thompson,jason-thompson,1986-07-21T00:00:00,Rider,USA,Rider/USA,6-11,250,9,1,Forward-Center,Inactive,N,1610612758,Kings,SAC,kings,Sacramento,jason_thompson,2008,2015,N,Y,Y,2008,1,12,N
201161,Daequan,Cook,Daequan Cook,"Cook, Daequan",D. Cook,daequan-cook,1987-04-28T00:00:00,Ohio State,USA,Ohio State/USA,6-5,210,7,14,Guard,Inactive,N,1610612748,Heat,MIA,heat,Miami,daequan_cook,2007,2012,Y,Y,Y,2007,1,21,N
201162,Jared,Dudley,Jared Dudley,"Dudley, Jared",J. Dudley,jared-dudley,1985-07-10T00:00:00,Boston College,USA,Boston College/USA,6-6,237,15,10,Forward,Inactive,N,1610612756,Suns,PHX,suns,Phoenix,jared_dudley,2007,2020,N,Y,Y,2007,1,22,N
200769,Shannon,Brown,Shannon Brown,"Brown, Shannon",S. Brown,shannon-brown,1985-11-29T00:00:00,Michigan State,USA,Michigan State/USA,6-3,215,9,,Guard,Inactive,N,0,,,,,shannon_brown,2006,2014,Y,Y,Y,2006,1,25,N
202332,Cole,Aldrich,Cole Aldrich,"Aldrich, Cole",C. Aldrich,cole-aldrich,1988-10-31T00:00:00,Kansas,USA,Kansas/USA,6-11,253,9,45,Center,Inactive,N,1610612752,Knicks,NYK,knicks,New York,cole_aldrich,2010,2017,Y,Y,Y,2010,1,11,N
2039,Keyon,Dooling,Keyon Dooling,"Dooling, Keyon",K. Dooling,keyon-dooling,1980-05-08T00:00:00,Missouri,USA,Missouri/USA,6-3,195,14,55,Guard,Inactive,N,1610612746,Clippers,LAC,clippers,Los Angeles,keyon_dooling,2000,2012,Y,Y,Y,2000,1,10,N
1112,Ben,Wallace,Ben Wallace,"Wallace, Ben",B. Wallace,ben-wallace,1974-09-10T00:00:00,Virginia Union,USA,Virginia Union/USA,6-9,240,17,6,Forward-Center,Inactive,N,1610612765,Pistons,DET,pistons,Detroit,ben_wallace,1996,2011,N,Y,Y,Undrafted,Undrafted,Undrafted,N
202333,Xavier,Henry,Xavier Henry,"Henry, Xavier",X. Henry,xavier-henry,1991-03-15T00:00:00,Kansas,USA,Kansas/USA,6-6,220,6,,Forward-Guard,Inactive,N,0,,,,,xavier_henry,2010,2014,Y,Y,Y,2010,1,12,N
201946,Tyler,Hansbrough,Tyler Hansbrough,"Hansbrough, Tyler",T. Hansbrough,tyler-hansbrough,1985-11-03T00:00:00,North Carolina,USA,North Carolina/USA,,,8,,,Inactive,N,0,,,,,tyler_hansbrough,2009,2017,Y,Y,Y,2009,1,13,N
101236,Chuck,Hayes,Chuck Hayes,"Hayes, Chuck",C. Hayes,chuck-hayes,1983-06-11T00:00:00,Kentucky,USA,Kentucky/USA,6-6,240,11,,Forward-Center,Inactive,N,0,,,,,chuck_hayes,2005,2015,Y,Y,Y,Undrafted,Undrafted,Undrafted,N
201167,Arron,Afflalo,Arron Afflalo,"Afflalo, Arron",A. Afflalo,arron-afflalo,1985-10-15T00:00:00,UCLA,USA,UCLA/USA,6-5,210,12,4,Guard,Inactive,N,1610612743,Nuggets,DEN,nuggets,Denver,arron_afflalo,2007,2017,N,Y,Y,2007,1,27,N
202334,Ed,Davis,Ed Davis,"Davis, Ed",E. Davis,ed-davis,1989-06-05T00:00:00,North Carolina,USA,North Carolina/USA,6-9,218,13,21,Center-Forward,Inactive,N,1610612739,Cavaliers,CLE,cavaliers,Cleveland,ed_davis,2010,2021,Y,Y,Y,2010,1,13,N
201577,Robin,Lopez,Robin Lopez,"Lopez, Robin",R. Lopez,robin-lopez,1988-04-01T00:00:00,Stanford,USA,Stanford/USA,7-1,281,15,,Center,Inactive,Y,0,,,,,robin_lopez,2008,2023,N,Y,Y,2008,1,15,N
202335,Patrick,Patterson,Patrick Patterson,"Patterson, Patrick",P. Patterson,patrick-patterson,1989-03-14T00:00:00,Kentucky,USA,Kentucky/USA,6-8,235,12,54,Forward,Inactive,N,1610612761,Raptors,TOR,raptors,Toronto,patrick_patterson,2010,2020,Y,Y,Y,2010,1,14,N
200826,J.J.,Barea,J.J. Barea,"Barea, J.J.",J. Barea,jj-barea,1984-06-26T00:00:00,Northeastern,Puerto Rico,Northeastern/Puerto Rico,5-10,180,15,5,Guard,Inactive,N,1610612742,Mavericks,DAL,mavericks,Dallas,j.j._barea,2006,2019,Y,Y,Y,Undrafted,Undrafted,Undrafted,N
201948,Austin,Daye,Austin Daye,"Daye, Austin",A. Daye,austin-daye,1988-06-05T00:00:00,Gonzaga,USA,Gonzaga/USA,6-11,220,7,3,Forward,Inactive,N,1610612765,Pistons,DET,pistons,Detroit,austin_daye,2009,2014,Y,Y,Y,2009,1,15,N
703,Kurt,Thomas,Kurt Thomas,"Thomas, Kurt",K. Thomas,kurt-thomas,1972-10-04T00:00:00,TCU,USA,TCU/USA,6-9,240,18,,Forward,Inactive,N,0,,,,,kurt_thomas,1995,2012,N,Y,Y,1995,1,10,N
201578,Marreese,Speights,Marreese Speights,"Speights, Marreese",M. Speights,marreese-speights,1987-08-04T00:00:00,Florida,USA,Florida/USA,6-10,255,11,5,Forward-Center,Inactive,N,1610612744,Warriors,GSW,warriors,Golden State,marreese_speights,2008,2017,N,Y,Y,2008,1,16,N
2440,Matt,Barnes,Matt Barnes,"Barnes, Matt",M. Barnes,matt-barnes,1980-03-09T00:00:00,UCLA,USA,UCLA/USA,6-7,226,15,22,Forward,Inactive,N,1610612746,Clippers,LAC,clippers,Los Angeles,matt_barnes,2002,2016,N,Y,Y,2002,2,45,N
202336,Larry,Sanders,Larry Sanders,"Sanders, Larry",L. Sanders,larry-sanders,1988-11-21T00:00:00,Virginia Commonwealth,USA,Virginia Commonwealth/USA,6-11,230,6,,Forward-Center,Inactive,N,0,,,,,larry_sanders,2010,2016,Y,Y,Y,2010,1,15,N
201600,Omer,Asik,Omer Asik,"Asik, Omer",O. Asik,omer-asik,1986-07-04T00:00:00,Fenerbahce,Turkey,Fenerbahce/Turkey,7-0,255,9,3,Center,Inactive,N,1610612740,Pelicans,NOP,pelicans,New Orleans,omer_asik,2010,2017,N,Y,Y,2008,2,36,N
201579,Roy,Hibbert,Roy Hibbert,"Hibbert, Roy",R. Hibbert,roy-hibbert,1986-12-11T00:00:00,Georgetown,USA,Georgetown/USA,7-2,270,10,34,Center,Inactive,N,1610612754,Pacers,IND,pacers,Indiana,roy_hibbert,2008,2016,N,Y,Y,2008,1,17,N
202337,Luke,Babbitt,Luke Babbitt,"Babbitt, Luke",L. Babbitt,luke-babbitt,1989-06-20T00:00:00,Nevada,USA,Nevada/USA,6-9,225,9,22,Forward,Inactive,N,1610612740,Pelicans,NOP,pelicans,New Orleans,luke_babbitt,2010,2017,Y,Y,Y,2010,1,16,N
201950,Jrue,Holiday,Jrue Holiday,"Holiday, Jrue",J. Holiday,jrue-holiday,1990-06-12T00:00:00,UCLA,USA,UCLA/USA,6-4,205,14,4,Guard,Active,Y,1610612738,Celtics,BOS,celtics,Boston,jrue_holiday,2009,2023,N,Y,Y,2009,1,17,N
201580,JaVale,McGee,JaVale McGee,"McGee, JaVale",J. McGee,javale-mcgee,1988-01-19T00:00:00,Nevada,USA,Nevada/USA,7-0,270,15,00,Center-Forward,Active,Y,1610612758,Kings,SAC,kings,Sacramento,javale_mcgee,2008,2023,N,Y,Y,2008,1,18,N
2586,Keith,Bogans,Keith Bogans,"Bogans, Keith",K. Bogans,keith-bogans,1980-05-12T00:00:00,Kentucky,USA,Kentucky/USA,6-5,215,11,4,Guard-Forward,Inactive,N,1610612753,Magic,ORL,magic,Orlando,keith_bogans,2003,2013,Y,Y,Y,2003,2,43,N
202338,Kevin,Seraphin,Kevin Seraphin,"Seraphin, Kevin",K. Seraphin,kevin-seraphin,1989-12-07T00:00:00,Cholet,France,Cholet/France,6-10,278,8,1,Forward-Center,Inactive,N,1610612764,Wizards,WAS,wizards,Washington,kevin_seraphin,2010,2016,N,Y,Y,2010,1,17,N
201951,Ty,Lawson,Ty Lawson,"Lawson, Ty",T. Lawson,ty-lawson,1987-11-03T00:00:00,North Carolina,USA,North Carolina/USA,5-11,195,10,4,Guard,Inactive,N,1610612743,Nuggets,DEN,nuggets,Denver,ty_lawson,2009,2017,N,Y,Y,2009,1,18,N
201581,JJ,Hickson,JJ Hickson,"Hickson, JJ",J. Hickson,jj-hickson,1988-09-04T00:00:00,North Carolina State,USA,North Carolina State/USA,6-9,242,9,21,Center-Forward,Inactive,N,1610612739,Cavaliers,CLE,cavaliers,Cleveland,jj_hickson,2008,2015,N,Y,Y,2008,1,19,N
200780,Solomon,Jones,Solomon Jones,"Jones, Solomon",S. Jones,solomon-jones,1984-07-16T00:00:00,South Florida,USA,South Florida/USA,6-10,235,8,,Forward,Inactive,N,0,,,,,solomon_jones,2006,2013,Y,Y,Y,2006,2,33,N
202339,Eric,Bledsoe,Eric Bledsoe,"Bledsoe, Eric",E. Bledsoe,eric-bledsoe,1989-12-09T00:00:00,Kentucky,USA,Kentucky/USA,6-1,214,13,5,Guard,Inactive,N,1610612757,Trail Blazers,POR,blazers,Portland,eric_bledsoe,2010,2021,Y,Y,Y,2010,1,18,N
201952,Jeff,Teague,Jeff Teague,"Teague, Jeff",J. Teague,jeff-teague,1988-06-10T00:00:00,Wake Forest,USA,Wake Forest/USA,6-3,195,13,5,Guard,Inactive,N,1610612737,Hawks,ATL,hawks,Atlanta,jeff_teague,2009,2020,N,Y,Y,2009,1,19,N
202340,Avery,Bradley,Avery Bradley,"Bradley, Avery",A. Bradley,avery-bradley,1990-11-26T00:00:00,Texas,USA,Texas/USA,6-3,180,13,20,Guard,Inactive,N,1610612747,Lakers,LAL,lakers,Los Angeles,avery_bradley,2010,2021,Y,Y,Y,2010,1,19,N
201953,Eric,Maynor,Eric Maynor,"Maynor, Eric",E. Maynor,eric-maynor,1987-06-11T00:00:00,Va Commonwealth,USA,Virginia Commonwealth/USA,6-3,175,5,,Guard,Inactive,N,0,,,,,eric_maynor,2009,2013,N,Y,Y,2009,1,20,N
201583,Ryan,Anderson,Ryan Anderson,"Anderson, Ryan",R. Anderson,ryan-anderson,1988-05-06T00:00:00,California,USA,California/USA,6-9,240,12,,Forward,Inactive,N,0,,,,,ryan_anderson,2008,2019,N,Y,Y,2008,1,21,N
2427,Roger,Mason Jr.,Roger Mason Jr.,"Mason Jr., Roger",R. Mason Jr.,roger-mason-jr,1980-09-10T00:00:00,Virginia,USA,Virginia/USA,6-5,205,11,,Guard,Inactive,N,0,,,,,roger_mason jr.,2002,2013,N,Y,Y,2002,2,30,N
101179,Ronnie,Price,Ronnie Price,"Price, Ronnie",R. Price,ronnie-price,1983-06-21T00:00:00,Utah Valley,USA,Utah Valley/USA,6-2,190,13,14,Guard,Inactive,N,1610612762,Jazz,UTA,jazz,Utah,ronnie_price,2005,2016,N,Y,Y,Undrafted,Undrafted,Undrafted,N
202341,James,Anderson,James Anderson,"Anderson, James",J. Anderson,james-anderson,1989-03-25T00:00:00,Oklahoma State,USA,Oklahoma State/USA,6-6,213,6,5,Guard-Forward,Inactive,N,1610612759,Spurs,SAS,spurs,San Antonio,james_anderson,2010,2015,Y,Y,Y,2010,1,20,N
201954,Darren,Collison,Darren Collison,"Collison, Darren",D. Collison,darren-collison,1987-08-23T00:00:00,UCLA,USA,UCLA/USA,6-0,160,11,,Guard,Inactive,N,0,,,,,darren_collison,2009,2021,Y,Y,Y,2009,1,21,N
201584,Courtney,Lee,Courtney Lee,"Lee, Courtney",C. Lee,courtney-lee,1985-10-03T00:00:00,Western Kentucky,USA,Western Kentucky/USA,6-5,215,13,1,Guard,Inactive,N,1610612763,Grizzlies,MEM,grizzlies,Memphis,courtney_lee,2008,2019,Y,Y,Y,2008,1,22,N
980,Zydrunas,Ilgauskas,Zydrunas Ilgauskas,"Ilgauskas, Zydrunas",Z. Ilgauskas,zydrunas-ilgauskas,1975-06-05T00:00:00,Atletas Kaunas,Lithuania,Atletas Kaunas/Lithuania,7-3,260,14,11,Center,Inactive,N,1610612739,Cavaliers,CLE,cavaliers,Cleveland,zydrunas_ilgauskas,1997,2010,N,Y,Y,1996,1,20,N
2067,Eddie,House,Eddie House,"House, Eddie",E. House,eddie-house,1978-05-14T00:00:00,Arizona State,USA,Arizona State/USA,6-1,190,12,55,Guard,Inactive,N,1610612748,Heat,MIA,heat,Miami,eddie_house,2000,2010,N,Y,Y,2000,2,37,N
406,Shaquille,O'Neal,Shaquille O'Neal,"O'Neal, Shaquille",S. O'Neal,shaquille-oneal,1972-03-06T00:00:00,Louisiana State,USA,Louisiana State/USA,7-1,325,19,34,Center,Inactive,N,1610612747,Lakers,LAL,lakers,Los Angeles,shaquille_o'neal,1992,2010,N,Y,Y,1992,1,1,Y
202342,Craig,Brackins,Craig Brackins,"Brackins, Craig",C. Brackins,craig-brackins,1987-10-09T00:00:00,Iowa State,USA,Iowa State/USA,6-10,230,3,33,Forward,Inactive,N,1610612755,76ers,PHI,sixers,Philadelphia,craig_brackins,2010,2011,Y,Y,Y,2010,1,21,N
201956,Omri,Casspi,Omri Casspi,"Casspi, Omri",O. Casspi,omri-casspi,1988-06-22T00:00:00,Maccabi Tel Aviv,Israel,Maccabi Tel Aviv/Israel,6-9,225,10,,Forward,Inactive,N,0,,,,,omri_casspi,2009,2018,N,Y,Y,2009,1,23,N
202344,Trevor,Booker,Trevor Booker,"Booker, Trevor",T. Booker,trevor-booker,1987-11-25T00:00:00,Clemson,USA,Clemson/USA,6-8,228,8,20,Forward,Inactive,N,1610612764,Wizards,WAS,wizards,Washington,trevor_booker,2010,2017,N,Y,Y,2010,1,23,N
201957,Byron,Mullens,Byron Mullens,"Mullens, Byron",B. Mullens,byron-mullens,1989-02-14T00:00:00,Ohio State,USA,Ohio State/USA,7-0,275,5,30,Center,Inactive,N,1610612766,Bobcats,CHA,hornets,Charlotte,byron_mullens,2009,2013,Y,Y,Y,2009,1,24,N
201586,Serge,Ibaka,Serge Ibaka,"Ibaka, Serge",S. Ibaka,serge-ibaka,1989-09-18T00:00:00,Ricoh Manresa,Democratic Republic of the Congo,Ricoh Manresa/Democratic Republic of the Congo,6-11,235,14,,Forward,Inactive,N,0,,,,,serge_ibaka,2009,2022,Y,Y,Y,2008,1,24,N
2767,Royal,Ivey,Royal Ivey,"Ivey, Royal",R. Ivey,royal-ivey,1981-12-20T00:00:00,Texas,USA,Texas/USA,6-4,200,10,,Guard,Inactive,N,0,,,,,royal_ivey,2004,2013,N,Y,Y,2004,2,37,N
201587,Nicolas,Batum,Nicolas Batum,"Batum, Nicolas",N. Batum,nicolas-batum,1988-12-14T00:00:00,Le Mans,France,Le Mans/France,6-8,230,15,40,Guard-Forward,Active,Y,1610612755,76ers,PHI,sixers,Philadelphia,nicolas_batum,2008,2023,N,Y,Y,2008,1,25,N
202345,Damion,James,Damion James,"James, Damion",D. James,damion-james,1987-10-07T00:00:00,Texas,USA,Texas/USA,6-7,225,4,7,Forward,Inactive,N,1610612751,Nets,BKN,nets,Brooklyn,damion_james,2010,2013,Y,Y,Y,2010,1,24,N
201958,Rodrigue,Beaubois,Rodrigue Beaubois,"Beaubois, Rodrigue",R. Beaubois,rodrigue-beaubois,1988-02-24T00:00:00,Cholet,France,Cholet/France,6-2,185,5,3,Guard,Inactive,N,1610612742,Mavericks,DAL,mavericks,Dallas,rodrigue_beaubois,2009,2012,N,Y,Y,2009,1,25,N
2567,Brian,Cook,Brian Cook,"Cook, Brian",B. Cook,brian-cook,1980-12-04T00:00:00,Illinois,USA,Illinois/USA,6-9,250,10,43,Center-Forward,Inactive,N,1610612747,Lakers,LAL,lakers,Los Angeles,brian_cook,2003,2011,N,Y,Y,2003,1,24,N
2592,James,Jones,James Jones,"Jones, James",J. Jones,james-jones,1980-10-04T00:00:00,Miami,USA,Miami/USA,6-8,218,15,1,Guard-Forward,Inactive,N,1610612748,Heat,MIA,heat,Miami,james_jones,2003,2016,N,Y,Y,2003,2,49,N
201589,Darrell,Arthur,Darrell Arthur,"Arthur, Darrell",D. Arthur,darrell-arthur,1988-03-25T00:00:00,Kansas,USA,Kansas/USA,6-9,235,10,00,Forward,Inactive,N,1610612743,Nuggets,DEN,nuggets,Denver,darrell_arthur,2008,2017,N,Y,Y,2008,1,27,N
201959,Taj,Gibson,Taj Gibson,"Gibson, Taj",T. Gibson,taj-gibson,1985-06-24T00:00:00,Southern California,USA,Southern California/USA,6-9,232,14,67,Forward,Active,Y,1610612765,Pistons,DET,pistons,Detroit,taj_gibson,2009,2023,N,Y,Y,2009,1,26,N
202346,Dominique,Jones,Dominique Jones,"Jones, Dominique",D. Jones,dominique-jones,1988-10-15T00:00:00,South Florida,USA,South Florida/USA,6-5,215,3,,Guard,Inactive,N,0,,,,,dominique_jones,2010,2012,Y,Y,Y,2010,1,25,N
201178,Kyrylo,Fesenko,Kyrylo Fesenko,"Fesenko, Kyrylo",K. Fesenko,kyrylo-fesenko,1986-12-24T00:00:00,Cherkaski,Ukraine,Cherkaski/Ukraine,7-1,280,6,44,Center,Inactive,N,1610612762,Jazz,UTA,jazz,Utah,kyrylo_fesenko,2007,2011,Y,Y,Y,2007,2,38,N
201961,Wayne,Ellington,Wayne Ellington,"Ellington, Wayne",W. Ellington,wayne-ellington,1987-11-29T00:00:00,North Carolina,USA,North Carolina/USA,6-4,207,14,2,Guard,Inactive,N,1610612747,Lakers,LAL,lakers,Los Angeles,wayne_ellington,2009,2021,N,Y,Y,2009,1,28,N
202347,Quincy,Pondexter,Quincy Pondexter,"Pondexter, Quincy",Q. Pondexter,quincy-pondexter,1988-03-10T00:00:00,Washington,USA,Washington/USA,6-7,230,8,3,Forward,Inactive,N,1610612763,Grizzlies,MEM,grizzlies,Memphis,quincy_pondexter,2010,2018,N,Y,Y,2010,1,26,N
201962,Toney,Douglas,Toney Douglas,"Douglas, Toney",T. Douglas,toney-douglas,1986-03-16T00:00:00,Florida State,USA,Florida State/USA,6-2,195,8,,Guard,Inactive,N,0,,,,,toney_douglas,2009,2016,N,Y,Y,2009,1,29,N
202349,Greivis,Vasquez,Greivis Vasquez,"Vasquez, Greivis",G. Vasquez,greivis-vasquez,1987-01-16T00:00:00,Maryland,Venezuela,Maryland/Venezuela,6-6,217,7,,Guard,Inactive,N,0,,,,,greivis_vasquez,2010,2016,N,Y,Y,2010,1,28,N
2624,Quinton,Ross,Quinton Ross,"Ross, Quinton",Q. Ross,quinton-ross,1981-04-30T00:00:00,Southern Methodist,USA,Southern Methodist/USA,6-6,193,7,,Forward-Guard,Inactive,N,0,,,,,quinton_ross,2004,2010,Y,Y,Y,Undrafted,Undrafted,Undrafted,N
101214,Jawad,Williams,Jawad Williams,"Williams, Jawad",J. Williams,jawad-williams,1983-02-19T00:00:00,North Carolina,USA,North Carolina/USA,6-9,225,3,,Forward,Inactive,N,0,,,,,jawad_williams,2008,2010,Y,Y,Y,Undrafted,Undrafted,Undrafted,N
201189,Aaron,Gray,Aaron Gray,"Gray, Aaron",A. Gray,aaron-gray,1984-12-07T00:00:00,Pittsburgh,USA,Pittsburgh/USA,7-0,270,7,33,Center,Inactive,N,1610612741,Bulls,CHI,bulls,Chicago,aaron_gray,2007,2013,N,Y,Y,2007,2,49,N
201963,Christian,Eyenga,Christian Eyenga,"Eyenga, Christian",C. Eyenga,christian-eyenga,1989-06-22T00:00:00,DKV Joventut,Congo,DKV Joventut/Congo/USA,6-7,210,3,88,Forward,Inactive,N,1610612739,Cavaliers,CLE,cavaliers,Cleveland,christian_eyenga,2010,2011,Y,Y,Y,2009,1,30,N
202351,Lazar,Hayward,Lazar Hayward,"Hayward, Lazar",L. Hayward,lazar-hayward,1986-11-26T00:00:00,Marquette,USA,Marquette/USA,6-6,225,4,,Forward,Inactive,N,0,,,,,lazar_hayward,2010,2012,Y,Y,Y,2010,1,30,N
201972,Jon,Brockman,Jon Brockman,"Brockman, Jon",J. Brockman,jon-brockman,1987-03-20T00:00:00,Washington,USA,Washington/USA,6-7,255,4,40,Forward,Inactive,N,1610612749,Bucks,MIL,bucks,Milwaukee,jon_brockman,2009,2011,N,Y,Y,2009,2,38,N
101211,Stephen,Graham,Stephen Graham,"Graham, Stephen",S. Graham,stephen-graham,1982-06-11T00:00:00,Oklahoma State,USA,Oklahoma State/USA,6-6,215,7,26,Guard-Forward,Inactive,N,1610612754,Pacers,IND,pacers,Indiana,stephen_graham,2005,2010,Y,Y,Y,Undrafted,Undrafted,Undrafted,N
101121,Joey,Graham,Joey Graham,"Graham, Joey",J. Graham,joey-graham,1982-06-11T00:00:00,Oklahoma State,USA,Oklahoma State/USA,6-7,230,7,12,Forward,Inactive,N,1610612761,Raptors,TOR,raptors,Toronto,joey_graham,2005,2010,Y,Y,Y,2005,1,16,N
201988,Patty,Mills,Patty Mills,"Mills, Patty",P. Mills,patty-mills,1988-08-11T00:00:00,St. Mary's,Australia,St. Mary's/Australia,6-2,180,14,8,Guard,Active,Y,1610612748,Heat,MIA,heat,Miami,patty_mills,2009,2023,Y,Y,Y,2009,2,55,N
201590,Donte,Greene,Donte Greene,"Greene, Donte",D. Greene,donte-greene,1988-02-21T00:00:00,Syracuse,USA,Syracuse/USA,6-11,226,6,13,Forward,Inactive,N,1610612758,Kings,SAC,kings,Sacramento,donte_greene,2008,2012,Y,Y,Y,2008,1,28,N
201971,DeJuan,Blair,DeJuan Blair,"Blair, DeJuan",D. Blair,dejuan-blair,1989-04-22T00:00:00,Pittsburgh,USA,Pittsburgh/USA,6-7,270,7,,Center-Forward,Inactive,N,0,,,,,dejuan_blair,2009,2015,Y,Y,Y,2009,2,37,N
201970,Sam,Young,Sam Young,"Young, Sam",S. Young,sam-young,1985-06-01T00:00:00,Pittsburgh,USA,Pittsburgh/USA,6-6,225,5,4,Forward-Guard,Inactive,N,1610612763,Grizzlies,MEM,grizzlies,Memphis,sam_young,2009,2012,N,Y,Y,2009,2,36,N
101133,Ian,Mahinmi,Ian Mahinmi,"Mahinmi, Ian",I. Mahinmi,ian-mahinmi,1986-11-05T00:00:00,Pau Orthez,France,Pau Orthez/France,6-11,262,13,28,Center,Inactive,N,1610612754,Pacers,IND,pacers,Indiana,ian_mahinmi,2007,2019,Y,Y,Y,2005,1,28,N
200822,Pops,Mensah-Bonsu,Pops Mensah-Bonsu,"Mensah-Bonsu, Pops",P. Mensah-Bonsu,pops-mensah-bonsu,1983-09-07T00:00:00,George Washington,USA,George Washington/USA,6-9,235,4,,Forward,Inactive,N,0,,,,,pops_mensah-bonsu,2006,2010,Y,Y,Y,Undrafted,Undrafted,Undrafted,N
201177,Josh,McRoberts,Josh McRoberts,"McRoberts, Josh",J. McRoberts,josh-mcroberts,1987-02-28T00:00:00,Duke,USA,Duke/USA,6-10,240,11,,Forward-Center,Inactive,N,0,,,,,josh_mcroberts,2007,2017,Y,Y,Y,2007,2,37,N
201602,Kyle,Weaver,Kyle Weaver,"Weaver, Kyle",K. Weaver,kyle-weaver,1986-02-18T00:00:00,Washington State,USA,Washington State/USA,6-6,201,3,,Guard,Inactive,N,0,,,,,kyle_weaver,2008,2010,Y,Y,Y,2008,2,38,N
2048,Jamaal,Magloire,Jamaal Magloire,"Magloire, Jamaal",J. Magloire,jamaal-magloire,1978-05-21T00:00:00,Kentucky,Canada,Kentucky/Canada,6-11,265,13,21,Center,Inactive,N,1610612740,Hornets,NOH,pelicans,New Orleans,jamaal_magloire,2000,2011,N,Y,Y,2000,1,19,N
2408,Melvin,Ely,Melvin Ely,"Ely, Melvin",M. Ely,melvin-ely,1978-05-02T00:00:00,Fresno State,USA,Fresno State/USA,6-10,260,9,4,Center-Forward,Inactive,N,1610612766,Bobcats,CHA,hornets,Charlotte,melvin_ely,2002,2013,Y,Y,Y,2002,1,12,N
200839,Mike,Harris,Mike Harris,"Harris, Mike",M. Harris,mike-harris,1983-06-15T00:00:00,Rice,USA,Rice/USA,6-6,242,4,,Forward,Inactive,N,0,,,,,mike_harris,2007,2013,Y,Y,Y,Undrafted,Undrafted,Undrafted,N
1503,Tracy,McGrady,Tracy McGrady,"McGrady, Tracy",T. McGrady,tracy-mcgrady,1979-05-24T00:00:00,Mount Zion Christian Academy (NC),USA,Mount Zion Christian Academy (NC)/USA,6-8,225,17,1,Guard-Forward,Inactive,N,1610612745,Rockets,HOU,rockets,Houston,tracy_mcgrady,1997,2012,N,Y,Y,1997,1,9,N
101120,Antoine,Wright,Antoine Wright,"Wright, Antoine",A. Wright,antoine-wright,1984-02-06T00:00:00,Texas A&M,USA,Texas A&M/USA,6-7,215,6,,Forward-Guard,Inactive,N,0,,,,,antoine_wright,2005,2010,Y,Y,Y,2005,1,15,N
101129,Luther,Head,Luther Head,"Head, Luther",L. Head,luther-head,1982-11-26T00:00:00,Illinois,USA,Illinois/USA,6-3,185,6,,Guard,Inactive,N,0,,,,,luther_head,2005,2010,Y,Y,Y,2005,1,24,N
101177,Fabricio,Oberto,Fabricio Oberto,"Oberto, Fabricio",F. Oberto,fabricio-oberto,1975-03-21T00:00:00,Valencia,Argentina,Valencia/Argentina,6-10,245,6,,Center,Inactive,N,0,,,,,fabricio_oberto,2005,2010,N,Y,Y,Undrafted,Undrafted,Undrafted,N
2248,Earl,Watson,Earl Watson,"Watson, Earl",E. Watson,earl-watson,1979-06-12T00:00:00,UCLA,USA,UCLA/USA,6-1,199,13,17,Guard,Inactive,N,1610612760,Thunder,OKC,thunder,Oklahoma City,earl_watson,2001,2013,N,Y,Y,2001,2,39,N
201603,Sonny,Weems,Sonny Weems,"Weems, Sonny",S. Weems,sonny-weems,1986-07-08T00:00:00,Arkansas,USA,Arkansas/USA,6-6,205,4,,Guard-Forward,Inactive,N,0,,,,,sonny_weems,2008,2015,Y,Y,Y,2008,2,39,N
2198,Kwame,Brown,Kwame Brown,"Brown, Kwame",K. Brown,kwame-brown,1982-03-10T00:00:00,Glynn Academy HS (GA),USA,Glynn Academy HS (GA)/USA,6-11,290,13,54,Center,Inactive,N,1610612764,Wizards,WAS,wizards,Washington,kwame_brown,2001,2012,N,Y,Y,2001,1,1,N
1922,Francisco,Elson,Francisco Elson,"Elson, Francisco",F. Elson,francisco-elson,1976-02-28T00:00:00,California,Netherlands,California/Netherlands,7-0,240,9,,Center-Forward,Inactive,N,0,,,,,francisco_elson,2003,2011,N,Y,Y,1999,2,41,N
1499,Tony,Battie,Tony Battie,"Battie, Tony",T. Battie,tony-battie,1976-02-11T00:00:00,Texas Tech,USA,Texas Tech/USA,6-11,240,15,4,Center,Inactive,N,1610612738,Celtics,BOS,celtics,Boston,tony_battie,1997,2011,N,Y,Y,1997,1,5,N
101144,Von,Wafer,Von Wafer,"Wafer, Von",V. Wafer,von-wafer,1985-07-21T00:00:00,Florida State,USA,Florida State/USA,6-5,209,8,1,Guard,Inactive,N,1610612745,Rockets,HOU,rockets,Houston,von_wafer,2005,2011,Y,Y,Y,2005,2,39,N
2124,Malik,Allen,Malik Allen,"Allen, Malik",M. Allen,malik-allen,1978-06-27T00:00:00,Villanova,USA,Villanova/USA,6-10,255,11,35,Forward,Inactive,N,1610612748,Heat,MIA,heat,Miami,malik_allen,2001,2010,N,Y,Y,Undrafted,Undrafted,Undrafted,N
2215,Jason,Collins,Jason Collins,"Collins, Jason",J. Collins,jason-collins,1978-12-02T00:00:00,Stanford,USA,Stanford/USA,7-0,255,13,98,Center,Inactive,N,1610612751,Nets,BKN,nets,Brooklyn,jason_collins,2001,2013,N,Y,Y,2001,1,18,N
711,Jerry,Stackhouse,Jerry Stackhouse,"Stackhouse, Jerry",J. Stackhouse,jerry-stackhouse,1974-11-05T00:00:00,North Carolina,USA,North Carolina/USA,6-6,218,19,42,Forward,Inactive,N,1610612765,Pistons,DET,pistons,Detroit,jerry_stackhouse,1995,2012,N,Y,Y,1995,1,3,N
200761,Shawne,Williams,Shawne Williams,"Williams, Shawne",S. Williams,shawne-williams,1986-02-16T00:00:00,Memphis,USA,Memphis/USA,6-10,230,8,3,Forward,Inactive,N,1610612754,Pacers,IND,pacers,Indiana,shawne_williams,2006,2014,Y,Y,Y,2006,1,17,N
200772,Maurice,Ager,Maurice Ager,"Ager, Maurice",M. Ager,maurice-ager,1984-02-09T00:00:00,Michigan State,USA,Michigan State/USA,6-5,202,4,,Forward-Guard,Inactive,N,0,,,,,maurice_ager,2006,2010,Y,Y,Y,2006,1,28,N
2694,Josh,Powell,Josh Powell,"Powell, Josh",J. Powell,josh-powell,1983-01-25T00:00:00,North Carolina State,USA,North Carolina State/USA,6-9,240,8,21,Forward,Inactive,N,1610612747,Lakers,LAL,lakers,Los Angeles,josh_powell,2005,2013,Y,Y,Y,Undrafted,Undrafted,Undrafted,N
201611,Henry,Walker,Henry Walker,"Walker, Henry",H. Walker,henry-walker,1987-10-09T00:00:00,Kansas State,USA,Kansas State/USA,6-6,235,5,5,Forward,Inactive,N,1610612752,Knicks,NYK,knicks,New York,henry_walker,2008,2014,Y,Y,Y,2008,2,47,N
201596,Mario,Chalmers,Mario Chalmers,"Chalmers, Mario",M. Chalmers,mario-chalmers,1986-05-19T00:00:00,Kansas,USA,Kansas/USA,6-2,190,10,6,Guard,Inactive,N,1610612748,Heat,MIA,heat,Miami,mario_chalmers,2008,2017,Y,Y,Y,2008,2,34,N
436,Juwan,Howard,Juwan Howard,"Howard, Juwan",J. Howard,juwan-howard,1973-02-07T00:00:00,Michigan,USA,Michigan/USA,6-9,250,20,5,Forward,Inactive,N,1610612764,Wizards,WAS,wizards,Washington,juwan_howard,1994,2012,N,Y,Y,1994,1,5,N
689,Theo,Ratliff,Theo Ratliff,"Ratliff, Theo",T. Ratliff,theo-ratliff,1973-04-17T00:00:00,Wyoming,USA,Wyoming/USA,6-10,235,17,50,Center,Inactive,N,1610612755,76ers,PHI,sixers,Philadelphia,theo_ratliff,1995,2010,N,Y,Y,1995,1,18,N
2250,Bobby,Simmons,Bobby Simmons,"Simmons, Bobby",B. Simmons,bobby-simmons,1980-06-02T00:00:00,DePaul,USA,DePaul/USA,6-6,235,11,21,Forward,Inactive,N,1610612746,Clippers,LAC,clippers,Los Angeles,bobby_simmons,2001,2011,Y,Y,Y,2001,2,41,N
201616,Darnell,Jackson,Darnell Jackson,"Jackson, Darnell",D. Jackson,darnell-jackson,1985-11-07T00:00:00,Kansas,USA,Kansas/USA,6-9,253,4,41,Forward,Inactive,N,1610612739,Cavaliers,CLE,cavaliers,Cleveland,darnell_jackson,2008,2010,Y,Y,Y,2008,2,52,N
201588,George,Hill,George Hill,"Hill, George",G. Hill,george-hill,1986-05-04T00:00:00,Indiana-Purdue Indianapolis,USA,Indiana-Purdue Indianapolis/USA,6-4,188,16,7,Guard,Inactive,N,1610612754,Pacers,IND,pacers,Indiana,george_hill,2008,2022,N,Y,Y,2008,1,26,N
201601,Luc,Mbah a Moute,Luc Mbah a Moute,"Mbah a Moute, Luc",L. Mbah a Moute,luc-mbah-a-moute,1986-09-09T00:00:00,UCLA,Cameroon,UCLA/Cameroon,6-8,230,13,12,Forward,Inactive,N,1610612749,Bucks,MIL,bucks,Milwaukee,luc_mbah a moute,2008,2019,N,Y,Y,2008,2,37,N
1863,Earl,Boykins,Earl Boykins,"Boykins, Earl",E. Boykins,earl-boykins,1976-06-02T00:00:00,Eastern Michigan,USA,Eastern Michigan/USA,5-5,133,14,6,Guard,Inactive,N,1610612743,Nuggets,DEN,nuggets,Denver,earl_boykins,1998,2011,N,Y,Y,Undrafted,Undrafted,Undrafted,N
201858,Cartier,Martin,Cartier Martin,"Martin, Cartier",C. Martin,cartier-martin,1984-11-20T00:00:00,Kansas State,USA,Kansas State/USA,6-7,220,8,35,Forward,Inactive,N,1610612764,Wizards,WAS,wizards,Washington,cartier_martin,2008,2014,Y,Y,Y,Undrafted,Undrafted,Undrafted,N
201599,DeAndre,Jordan,DeAndre Jordan,"Jordan, DeAndre",D. Jordan,deandre-jordan,1988-07-21T00:00:00,Texas A&M,USA,Texas A&M/USA,6-11,265,15,6,Center,Active,Y,1610612743,Nuggets,DEN,nuggets,Denver,deandre_jordan,2008,2023,N,Y,Y,2008,2,35,N
201595,Joey,Dorsey,Joey Dorsey,"Dorsey, Joey",J. Dorsey,joey-dorsey,1983-12-16T00:00:00,Memphis,USA,Memphis/USA,,,4,,,Inactive,N,0,,,,,joey_dorsey,2008,2016,Y,Y,Y,2008,2,33,N
2753,Delonte,West,Delonte West,"West, Delonte",D. West,delonte-west,1983-07-26T00:00:00,St. Joseph's (PA),USA,St. Joseph's (PA)/USA,6-3,180,9,13,Guard,Inactive,N,1610612738,Celtics,BOS,celtics,Boston,delonte_west,2004,2011,Y,Y,Y,2004,1,24,N
2073,Brian,Cardinal,Brian Cardinal,"Cardinal, Brian",B. Cardinal,brian-cardinal,1977-05-02T00:00:00,Purdue,USA,Purdue/USA,6-8,240,13,35,Forward,Inactive,N,1610612763,Grizzlies,MEM,grizzlies,Memphis,brian_cardinal,2000,2011,N,Y,Y,2000,2,44,N
2243,Brian,Scalabrine,Brian Scalabrine,"Scalabrine, Brian",B. Scalabrine,brian-scalabrine,1978-03-18T00:00:00,Southern California,USA,Southern California/USA,6-9,235,12,24,Forward,Inactive,N,1610612738,Celtics,BOS,celtics,Boston,brian_scalabrine,2001,2011,N,Y,Y,2001,2,34,N
201604,Chris,Douglas-Roberts,Chris Douglas-Roberts,"Douglas-Roberts, Chris",C. Douglas-Roberts,chris-douglas-roberts,1987-01-08T00:00:00,Memphis,USA,Memphis/USA,6-7,210,7,,Guard,Inactive,N,0,,,,,chris_douglas-roberts,2008,2014,Y,Y,Y,2008,2,40,N
2041,Etan,Thomas,Etan Thomas,"Thomas, Etan",E. Thomas,etan-thomas,1978-04-01T00:00:00,Syracuse,USA,Syracuse/USA,6-10,260,10,36,Center,Inactive,N,1610612764,Wizards,WAS,wizards,Washington,etan_thomas,2001,2010,N,Y,Y,2000,1,12,N
200809,Chris,Quinn,Chris Quinn,"Quinn, Chris",C. Quinn,chris-quinn,1983-09-27T00:00:00,Notre Dame,USA,Notre Dame/USA,6-2,175,7,20,Guard,Inactive,N,1610612748,Heat,MIA,heat,Miami,chris_quinn,2006,2012,Y,Y,Y,Undrafted,Undrafted,Undrafted,N
1752,Sean,Marks,Sean Marks,"Marks, Sean",S. Marks,sean-marks,1975-08-23T00:00:00,California,New Zealand,California/New Zealand,6-10,250,11,,Forward-Center,Inactive,N,0,,,,,sean_marks,1998,2010,N,Y,Y,1998,2,44,N
201978,Chase,Budinger,Chase Budinger,"Budinger, Chase",C. Budinger,chase-budinger,1988-05-22T00:00:00,Arizona,USA,Arizona/USA,6-7,209,8,10,Forward,Inactive,N,1610612745,Rockets,HOU,rockets,Houston,chase_budinger,2009,2015,N,Y,Y,2009,2,44,N
201975,Jodie,Meeks,Jodie Meeks,"Meeks, Jodie",J. Meeks,jodie-meeks,1987-08-21T00:00:00,Kentucky,USA,Kentucky/USA,6-4,210,11,20,Guard,Inactive,N,1610612755,76ers,PHI,sixers,Philadelphia,jodie_meeks,2009,2018,Y,Y,Y,2009,2,41,N
201969,DaJuan,Summers,DaJuan Summers,"Summers, DaJuan",D. Summers,dajuan-summers,1988-01-24T00:00:00,Georgetown,USA,Georgetown/USA,6-8,240,5,35,Forward,Inactive,N,1610612765,Pistons,DET,pistons,Detroit,dajuan_summers,2009,2012,Y,Y,Y,2009,2,35,N
202362,Lance,Stephenson,Lance Stephenson,"Stephenson, Lance",L. Stephenson,lance-stephenson,1990-09-05T00:00:00,Cincinnati,USA,Cincinnati/USA,6-5,210,11,6,Forward,Inactive,N,1610612754,Pacers,IND,pacers,Indiana,lance_stephenson,2010,2021,Y,Y,Y,2010,2,40,N
202355,Hassan,Whiteside,Hassan Whiteside,"Whiteside, Hassan",H. Whiteside,hassan-whiteside,1989-06-13T00:00:00,Marshall,USA,Marshall/USA,7-0,265,11,21,Center,Inactive,N,1610612762,Jazz,UTA,jazz,Utah,hassan_whiteside,2010,2021,Y,Y,Y,2010,2,33,N
956,Erick,Dampier,Erick Dampier,"Dampier, Erick",E. Dampier,erick-dampier,1975-07-14T00:00:00,Mississippi State,USA,Mississippi State/USA,6-11,265,17,25,Center,Inactive,N,1610612744,Warriors,GSW,warriors,Golden State,erick_dampier,1996,2011,N,Y,Y,1996,1,10,N
2137,Ime,Udoka,Ime Udoka,"Udoka, Ime",I. Udoka,ime-udoka,1977-08-09T00:00:00,Portland State,USA,Portland State/USA,6-5,220,8,,Guard-Forward,Inactive,N,0,,,,,ime_udoka,2003,2010,Y,Y,Y,Undrafted,Undrafted,Undrafted,N
202374,Solomon,Alabi,Solomon Alabi,"Alabi, Solomon",S. Alabi,solomon-alabi,1988-03-21T00:00:00,Florida State,Nigeria,Florida State/Nigeria,7-1,252,3,50,Center,Inactive,N,1610612761,Raptors,TOR,raptors,Toronto,solomon_alabi,2010,2011,Y,Y,Y,2010,2,50,N
1730,Brian,Skinner,Brian Skinner,"Skinner, Brian",B. Skinner,brian-skinner,1976-05-19T00:00:00,Baylor,USA,Baylor/USA,6-9,255,14,,Forward-Center,Inactive,N,0,,,,,brian_skinner,1998,2011,N,Y,Y,1998,1,22,N
202360,Andy,Rautins,Andy Rautins,"Rautins, Andy",A. Rautins,andy-rautins,1986-11-02T00:00:00,Syracuse,USA,Syracuse/USA,6-4,190,2,11,Guard,Inactive,N,1610612752,Knicks,NYK,knicks,New York,andy_rautins,2010,2010,Y,Y,Y,2010,2,38,N
101113,Ike,Diogu,Ike Diogu,"Diogu, Ike",I. Diogu,ike-diogu,1983-09-11T00:00:00,Arizona State,USA,Arizona State/USA,6-9,250,7,,Forward,Inactive,N,0,,,,,ike_diogu,2005,2011,Y,Y,Y,2005,1,9,N
202390,Gary,Neal,Gary Neal,"Neal, Gary",G. Neal,gary-neal,1984-10-03T00:00:00,Towson,USA,Towson/USA,6-4,210,7,,Guard,Inactive,N,0,,,,,gary_neal,2010,2016,Y,Y,Y,Undrafted,Undrafted,Undrafted,N
201991,Lester,Hudson,Lester Hudson,"Hudson, Lester",L. Hudson,lester-hudson,1984-08-07T00:00:00,Tennessee-Martin,USA,Tennessee-Martin/USA,6-3,190,5,14,Guard,Inactive,N,1610612738,Celtics,BOS,celtics,Boston,lester_hudson,2009,2014,Y,Y,Y,2009,2,58,N
202378,Willie,Warren,Willie Warren,"Warren, Willie",W. Warren,willie-warren,1989-10-22T00:00:00,Oklahoma,USA,Oklahoma/USA,6-4,203,2,13,Guard,Inactive,N,1610612746,Clippers,LAC,clippers,Los Angeles,willie_warren,2010,2010,Y,Y,Y,2010,2,54,N
202396,Samardo,Samuels,Samardo Samuels,"Samuels, Samardo",S. Samuels,samardo-samuels,1989-01-09T00:00:00,Louisville,Jamaica,Louisville/Jamaica,,,3,,,Inactive,N,0,,,,,samardo_samuels,2010,2017,Y,Y,Y,Undrafted,Undrafted,Undrafted,N
2863,Damien,Wilkins,Damien Wilkins,"Wilkins, Damien",D. Wilkins,damien-wilkins,1980-01-11T00:00:00,Georgia,USA,Georgia/USA,6-6,217,10,,Guard-Forward,Inactive,N,0,,,,,damien_wilkins,2004,2017,Y,Y,Y,Undrafted,Undrafted,Undrafted,N
202391,Jeremy,Lin,Jeremy Lin,"Lin, Jeremy",J. Lin,jeremy-lin,1988-08-23T00:00:00,Harvard,USA,Harvard/USA,6-3,200,10,17,Guard,Inactive,N,1610612745,Rockets,HOU,rockets,Houston,jeremy_lin,2010,2018,Y,Y,Y,Undrafted,Undrafted,Undrafted,N
202361,Landry,Fields,Landry Fields,"Fields, Landry",L. Fields,landry-fields,1988-06-27T00:00:00,Stanford,USA,Stanford/USA,6-7,215,5,2,Guard-Forward,Inactive,N,1610612752,Knicks,NYK,knicks,New York,landry_fields,2010,2014,N,Y,Y,2010,2,39,N
202395,Sherron,Collins,Sherron Collins,"Collins, Sherron",S. Collins,sherron-collins,1987-03-18T00:00:00,Kansas,USA,Kansas/USA,5-11,205,1,,Guard,Inactive,N,0,,,,,sherron_collins,2010,2010,Y,Y,Y,Undrafted,Undrafted,Undrafted,N
202380,Hamady,Ndiaye,Hamady Ndiaye,"Ndiaye, Hamady",H. Ndiaye,hamady-ndiaye,1987-01-12T00:00:00,Rutgers,Senegal,Rutgers/Senegal,7-0,235,3,,Center,Inactive,N,0,,,,,hamady_ndiaye,2010,2013,Y,Y,Y,2010,2,56,N
200817,Pooh,Jeter,Pooh Jeter,"Jeter, Pooh",P. Jeter,pooh-jeter,1983-12-02T00:00:00,Portland,USA,Portland/USA,5-11,175,2,5,Guard,Inactive,N,1610612758,Kings,SAC,kings,Sacramento,pooh_jeter,2010,2010,Y,Y,Y,Undrafted,Undrafted,Undrafted,N
202081,Garret,Siler,Garret Siler,"Siler, Garret",G. Siler,garret-siler,1986-10-25T00:00:00,Augusta State,USA,Augusta State/USA,6-11,305,2,20,Center,Inactive,N,1610612756,Suns,PHX,suns,Phoenix,garret_siler,2010,2010,Y,Y,Y,Undrafted,Undrafted,Undrafted,N
202356,Armon,Johnson,Armon Johnson,"Johnson, Armon",A. Johnson,armon-johnson,1989-02-23T00:00:00,Nevada,USA,Nevada/USA,6-3,195,3,7,Guard,Inactive,N,1610612757,Trail Blazers,POR,blazers,Portland,armon_johnson,2010,2011,Y,Y,Y,2010,2,34,N
202382,Derrick,Caracter,Derrick Caracter,"Caracter, Derrick",D. Caracter,derrick-caracter,1988-05-04T00:00:00,Texas-El Paso,USA,Texas-El Paso/USA,6-9,275,2,45,Forward,Inactive,N,1610612747,Lakers,LAL,lakers,Los Angeles,derrick_caracter,2010,2010,Y,Y,Y,2010,2,58,N
201814,Gary,Forbes,Gary Forbes,"Forbes, Gary",G. Forbes,gary-forbes,1985-02-25T00:00:00,Massachusetts,Panama,Massachusetts/Panama,6-7,220,3,3,Forward,Inactive,N,1610612743,Nuggets,DEN,nuggets,Denver,gary_forbes,2010,2011,Y,Y,Y,Undrafted,Undrafted,Undrafted,N
202386,Ben,Uzoh,Ben Uzoh,"Uzoh, Ben",B. Uzoh,ben-uzoh,1988-03-18T00:00:00,Tulsa,USA,Tulsa/USA,6-3,205,3,18,Guard,Inactive,N,1610612751,Nets,NJN,nets,New Jersey,ben_uzoh,2010,2011,Y,Y,Y,Undrafted,Undrafted,Undrafted,N
202412,Manny,Harris,Manny Harris,"Harris, Manny",M. Harris,manny-harris,1989-09-21T00:00:00,Michigan,USA,Michigan/USA,6-5,185,5,6,Guard,Inactive,N,1610612739,Cavaliers,CLE,cavaliers,Cleveland,manny_harris,2010,2016,Y,Y,Y,Undrafted,Undrafted,Undrafted,N
202365,Devin,Ebanks,Devin Ebanks,"Ebanks, Devin",D. Ebanks,devin-ebanks,1989-10-28T00:00:00,West Virginia,USA,West Virginia/USA,6-9,215,4,3,Forward,Inactive,N,1610612747,Lakers,LAL,lakers,Los Angeles,devin_ebanks,2010,2012,Y,Y,Y,2010,2,43,N
202379,Jeremy,Evans,Jeremy Evans,"Evans, Jeremy",J. Evans,jeremy-evans,1987-10-24T00:00:00,Western Kentucky,USA,Western Kentucky/USA,6-9,200,7,6,Forward,Inactive,N,1610612762,Jazz,UTA,jazz,Utah,jeremy_evans,2010,2017,Y,Y,Y,2010,2,55,N
202377,Pape,Sy,Pape Sy,"Sy, Pape",P. Sy,pape-sy,1988-04-05T00:00:00,Le Havre,France,Le Havre/France,6-7,225,2,19,Forward-Guard,Inactive,N,1610612737,Hawks,ATL,hawks,Atlanta,pape_sy,2010,2010,Y,Y,Y,2010,2,53,N
202354,Dexter,Pittman,Dexter Pittman,"Pittman, Dexter",D. Pittman,dexter-pittman,1988-03-02T00:00:00,Texas,USA,Texas/USA,6-11,285,4,,Center,Inactive,N,0,,,,,dexter_pittman,2010,2013,Y,Y,Y,2010,2,32,N
201203,Mustafa,Shakur,Mustafa Shakur,"Shakur, Mustafa",M. Shakur,mustafa-shakur,1984-08-18T00:00:00,Arizona,USA,Arizona/USA,6-3,190,3,,Guard,Inactive,N,0,,,,,mustafa_shakur,2009,2013,Y,Y,Y,Undrafted,Undrafted,Undrafted,N
201187,Dominic,McGuire,Dominic McGuire,"McGuire, Dominic",D. McGuire,dominic-mcguire,1985-10-20T00:00:00,Fresno State,USA,Fresno State/USA,6-9,235,7,,Forward,Inactive,N,0,,,,,dominic_mcguire,2007,2012,Y,Y,Y,2007,2,47,N
202220,Zabian,Dowdell,Zabian Dowdell,"Dowdell, Zabian",Z. Dowdell,zabian-dowdell,1984-09-10T00:00:00,Virginia Tech,USA,Virginia Tech/USA,6-3,191,2,22,Guard,Inactive,N,1610612756,Suns,PHX,suns,Phoenix,zabian_dowdell,2010,2010,Y,Y,Y,Undrafted,Undrafted,Undrafted,N
101249,John,Lucas III,John Lucas III,"Lucas III, John",J. Lucas III,john-lucas-iii,1982-11-21T00:00:00,Oklahoma State,USA,Oklahoma State/USA,5-11,166,8,,Guard,Inactive,N,0,,,,,john_lucas iii,2005,2016,Y,Y,Y,Undrafted,Undrafted,Undrafted,N
201980,Danny,Green,Danny Green,"Green, Danny",D. Green,danny-green,1987-06-22T00:00:00,North Carolina,USA,North Carolina/USA,6-6,215,14,,Guard,Inactive,Y,0,,,,,danny_green,2009,2023,Y,Y,Y,2009,2,46,N
202408,Marcus,Cousin,Marcus Cousin,"Cousin, Marcus",M. Cousin,marcus-cousin,1986-12-18T00:00:00,Houston,USA,Houston/USA,6-11,255,2,50,Forward,Inactive,N,1610612762,Jazz,UTA,jazz,Utah,marcus_cousin,2010,2010,Y,Y,Y,Undrafted,Undrafted,Undrafted,N
201238,Mario,West,Mario West,"West, Mario",M. West,mario-west,1984-06-19T00:00:00,Georgia Tech,USA,Georgia Tech/USA,6-5,210,5,6,Guard,Inactive,N,1610612737,Hawks,ATL,hawks,Atlanta,mario_west,2007,2010,Y,Y,Y,Undrafted,Undrafted,Undrafted,N
